bioguide_id,full_name,chamber,party,state,district,seat,member_type,voting_member,first_term_start,seniority_years,govtrack_id,served_113,served_114,served_115,served_116,served_117,served_118,served_119,bills_introduced,laws_enacted,laws_via_related,laws_enacted_including,enactment_rate,standalone_rate,period,period_label,congresses_included
M001212,Barry Moore,House,Republican,AL,1,AL-1,Representative,True,2021-01-03,4.0,456800,False,False,False,False,True,True,True,17,1,0,1,0.058823529411764705,0.058823529411764705,118,118th Congress (2023–2025),118
R000575,Mike Rogers,House,Republican,AL,3,AL-3,Representative,True,2003-01-07,22.0,400341,True,True,True,True,True,True,True,4,1,0,1,0.25,0.25,118,118th Congress (2023–2025),118
A000055,Robert B. Aderholt,House,Republican,AL,4,AL-4,Representative,True,1997-01-07,28.0,400004,True,True,True,True,True,True,True,6,1,0,1,0.16666666666666666,0.16666666666666666,118,118th Congress (2023–2025),118
S001220,Dale W. Strong,House,Republican,AL,5,AL-5,Representative,True,2023-01-03,2.0,456878,False,False,False,False,False,True,True,13,1,0,1,0.07692307692307693,0.07692307692307693,118,118th Congress (2023–2025),118
P000609,Gary J. Palmer,House,Republican,AL,6,AL-6,Representative,True,2015-01-06,10.0,412608,False,True,True,True,True,True,True,50,0,0,0,0.0,0.0,118,118th Congress (2023–2025),118
S001185,Terri A. Sewell,House,Democratic,AL,7,AL-7,Representative,True,2011-01-05,14.0,412396,True,True,True,True,True,True,True,16,1,0,1,0.0625,0.0625,118,118th Congress (2023–2025),118
C001087,"Eric A. ""Rick"" Crawford",House,Republican,AR,1,AR-1,Representative,True,2011-01-05,14.0,412400,True,True,True,True,True,True,True,20,0,0,0,0.0,0.0,118,118th Congress (2023–2025),118
H001072,J. French Hill,House,Republican,AR,2,AR-2,Representative,True,2015-01-06,10.0,412609,False,True,True,True,True,True,True,28,0,0,0,0.0,0.0,118,118th Congress (2023–2025),118
W000809,Steve Womack,House,Republican,AR,3,AR-3,Representative,True,2011-01-05,14.0,412402,True,True,True,True,True,True,True,8,0,0,0,0.0,0.0,118,118th Congress (2023–2025),118
W000821,Bruce Westerman,House,Republican,AR,4,AR-4,Representative,True,2015-01-06,10.0,412610,False,True,True,True,True,True,True,13,2,0,2,0.15384615384615385,0.15384615384615385,118,118th Congress (2023–2025),118
R000600,Aumua Amata Coleman Radewagen,House,Republican,AS,At-Large,AS-AL,Delegate/Resident Commissioner,False,2015-01-06,10.0,412664,False,True,True,True,True,True,True,5,1,0,1,0.2,0.2,118,118th Congress (2023–2025),118
S001183,David Schweikert,House,Republican,AZ,1,AZ-1,Representative,True,2011-01-05,14.0,412399,True,True,True,True,True,True,True,25,1,0,1,0.04,0.04,118,118th Congress (2023–2025),118
C001132,Elijah Crane,House,Republican,AZ,2,AZ-2,Representative,True,2023-01-03,2.0,456879,False,False,False,False,False,True,True,17,0,0,0,0.0,0.0,118,118th Congress (2023–2025),118
S001211,Greg Stanton,House,Democratic,AZ,4,AZ-4,Representative,True,2019-01-03,6.0,412753,False,False,False,True,True,True,True,21,0,0,0,0.0,0.0,118,118th Congress (2023–2025),118
B001302,Andy Biggs,House,Republican,AZ,5,AZ-5,Representative,True,2017-01-03,8.0,412683,False,False,True,True,True,True,True,606,0,0,0,0.0,0.0,118,118th Congress (2023–2025),118
C001133,Juan Ciscomani,House,Republican,AZ,6,AZ-6,Representative,True,2023-01-03,2.0,456880,False,False,False,False,False,True,True,31,1,0,1,0.03225806451612903,0.03225806451612903,118,118th Congress (2023–2025),118
G000565,Paul A. Gosar,House,Republican,AZ,9,AZ-9,Representative,True,2011-01-05,14.0,412397,True,True,True,True,True,True,True,20,2,0,2,0.1,0.1,118,118th Congress (2023–2025),118
D000623,Mark DeSaulnier,House,Democratic,CA,10,CA-10,Representative,True,2015-01-06,10.0,412613,False,True,True,True,True,True,True,37,0,0,0,0.0,0.0,118,118th Congress (2023–2025),118
P000197,Nancy Pelosi,House,Democratic,CA,11,CA-11,Representative,True,1987-01-06,38.0,400314,True,True,True,True,True,True,True,0,0,0,0,,,118,118th Congress (2023–2025),118
M001225,Kevin Mullin,House,Democratic,CA,15,CA-15,Representative,True,2023-01-03,2.0,456883,False,False,False,False,False,True,True,6,0,0,0,0.0,0.0,118,118th Congress (2023–2025),118
K000389,Ro Khanna,House,Democratic,CA,17,CA-17,Representative,True,2017-01-03,8.0,412684,False,False,True,True,True,True,True,38,1,1,2,0.05263157894736842,0.02631578947368421,118,118th Congress (2023–2025),118
L000397,Zoe Lofgren,House,Democratic,CA,18,CA-18,Representative,True,1995-01-04,30.0,400245,True,True,True,True,True,True,True,15,0,0,0,0.0,0.0,118,118th Congress (2023–2025),118
P000613,Jimmy Panetta,House,Democratic,CA,19,CA-19,Representative,True,2017-01-03,8.0,412685,False,False,True,True,True,True,True,55,1,0,1,0.01818181818181818,0.01818181818181818,118,118th Congress (2023–2025),118
H001068,Jared Huffman,House,Democratic,CA,2,CA-2,Representative,True,2013-01-03,12.0,412511,True,True,True,True,True,True,True,32,2,0,2,0.0625,0.0625,118,118th Congress (2023–2025),118
F000480,Vince Fong,House,Republican,CA,20,CA-20,Representative,True,2024-06-03,0.6,456958,False,False,False,False,False,True,True,3,0,0,0,0.0,0.0,118,118th Congress (2023–2025),118
C001059,Jim Costa,House,Democratic,CA,21,CA-21,Representative,True,2005-01-04,20.0,400618,True,True,True,True,True,True,True,18,0,0,0,0.0,0.0,118,118th Congress (2023–2025),118
V000129,David G. Valadao,House,Republican,CA,22,CA-22,Representative,True,2013-01-03,12.0,412515,True,True,True,False,True,True,True,22,0,0,0,0.0,0.0,118,118th Congress (2023–2025),118
O000019,Jay Obernolte,House,Republican,CA,23,CA-23,Representative,True,2021-01-03,4.0,456801,False,False,False,False,True,True,True,20,0,0,0,0.0,0.0,118,118th Congress (2023–2025),118
C001112,Salud O. Carbajal,House,Democratic,CA,24,CA-24,Representative,True,2017-01-03,8.0,412686,False,False,True,True,True,True,True,28,1,0,1,0.03571428571428571,0.03571428571428571,118,118th Congress (2023–2025),118
R000599,Raul Ruiz,House,Democratic,CA,25,CA-25,Representative,True,2013-01-03,12.0,412519,True,True,True,True,True,True,True,45,1,0,1,0.022222222222222223,0.022222222222222223,118,118th Congress (2023–2025),118
B001285,Julia Brownley,House,Democratic,CA,26,CA-26,Representative,True,2013-01-03,12.0,412516,True,True,True,True,True,True,True,51,0,0,0,0.0,0.0,118,118th Congress (2023–2025),118
C001080,Judy Chu,House,Democratic,CA,28,CA-28,Representative,True,2009-07-16,15.5,412379,True,True,True,True,True,True,True,28,0,0,0,0.0,0.0,118,118th Congress (2023–2025),118
K000401,Kevin Kiley,House,Independent,CA,3,CA-3,Representative,True,2023-01-03,2.0,456881,False,False,False,False,False,True,True,16,1,0,1,0.0625,0.0625,118,118th Congress (2023–2025),118
S000344,Brad Sherman,House,Democratic,CA,32,CA-32,Representative,True,1997-01-07,28.0,400371,True,True,True,True,True,True,True,15,0,0,0,0.0,0.0,118,118th Congress (2023–2025),118
A000371,Pete Aguilar,House,Democratic,CA,33,CA-33,Representative,True,2015-01-06,10.0,412615,False,True,True,True,True,True,True,9,2,0,2,0.2222222222222222,0.2222222222222222,118,118th Congress (2023–2025),118
G000585,Jimmy Gomez,House,Democratic,CA,34,CA-34,Representative,True,2017-07-11,7.5,412739,False,False,True,True,True,True,True,16,1,0,1,0.0625,0.0625,118,118th Congress (2023–2025),118
T000474,Norma J. Torres,House,Democratic,CA,35,CA-35,Representative,True,2015-01-06,10.0,412617,False,True,True,True,True,True,True,21,0,0,0,0.0,0.0,118,118th Congress (2023–2025),118
L000582,Ted Lieu,House,Democratic,CA,36,CA-36,Representative,True,2015-01-06,10.0,412616,False,True,True,True,True,True,True,50,0,0,0,0.0,0.0,118,118th Congress (2023–2025),118
K000400,Sydney Kamlager-Dove,House,Democratic,CA,37,CA-37,Representative,True,2023-01-03,2.0,456884,False,False,False,False,False,True,True,23,0,0,0,0.0,0.0,118,118th Congress (2023–2025),118
S001156,Linda T. Sánchez,House,Democratic,CA,38,CA-38,Representative,True,2003-01-07,22.0,400355,True,True,True,True,True,True,True,17,0,0,0,0.0,0.0,118,118th Congress (2023–2025),118
T000472,Mark Takano,House,Democratic,CA,39,CA-39,Representative,True,2013-01-03,12.0,412520,True,True,True,True,True,True,True,24,1,0,1,0.041666666666666664,0.041666666666666664,118,118th Congress (2023–2025),118
T000460,Mike Thompson,House,Democratic,CA,4,CA-4,Representative,True,1999-01-06,26.0,400403,True,True,True,True,True,True,True,11,0,0,0,0.0,0.0,118,118th Congress (2023–2025),118
K000397,Young Kim,House,Republican,CA,40,CA-40,Representative,True,2021-01-03,4.0,456802,False,False,False,False,True,True,True,28,1,0,1,0.03571428571428571,0.03571428571428571,118,118th Congress (2023–2025),118
C000059,Ken Calvert,House,Republican,CA,41,CA-41,Representative,True,1993-01-05,32.0,400057,True,True,True,True,True,True,True,21,0,0,0,0.0,0.0,118,118th Congress (2023–2025),118
G000598,Robert Garcia,House,Democratic,CA,42,CA-42,Representative,True,2023-01-03,2.0,456885,False,False,False,False,False,True,True,20,1,1,2,0.1,0.05,118,118th Congress (2023–2025),118
W000187,Maxine Waters,House,Democratic,CA,43,CA-43,Representative,True,1991-01-03,34.0,400422,True,True,True,True,True,True,True,36,0,0,0,0.0,0.0,118,118th Congress (2023–2025),118
B001300,Nanette Diaz Barragán,House,Democratic,CA,44,CA-44,Representative,True,2017-01-03,8.0,412687,False,False,True,True,True,True,True,23,0,0,0,0.0,0.0,118,118th Congress (2023–2025),118
C001110,J. Luis Correa,House,Democratic,CA,46,CA-46,Representative,True,2017-01-03,8.0,412688,False,False,True,True,True,True,True,14,1,0,1,0.07142857142857142,0.07142857142857142,118,118th Congress (2023–2025),118
I000056,Darrell Issa,House,Republican,CA,48,CA-48,Representative,True,2001-01-03,24.0,400196,True,True,True,False,True,True,True,39,2,1,3,0.07692307692307693,0.05128205128205128,118,118th Congress (2023–2025),118
L000593,Mike Levin,House,Democratic,CA,49,CA-49,Representative,True,2019-01-03,6.0,412760,False,False,False,True,True,True,True,30,1,0,1,0.03333333333333333,0.03333333333333333,118,118th Congress (2023–2025),118
M001177,Tom McClintock,House,Republican,CA,5,CA-5,Representative,True,2009-01-06,16.0,412295,True,True,True,True,True,True,True,19,1,0,1,0.05263157894736842,0.05263157894736842,118,118th Congress (2023–2025),118
P000608,Scott H. Peters,House,Democratic,CA,50,CA-50,Representative,True,2013-01-03,12.0,412523,True,True,True,True,True,True,True,21,0,0,0,0.0,0.0,118,118th Congress (2023–2025),118
J000305,Sara Jacobs,House,Democratic,CA,51,CA-51,Representative,True,2021-01-03,4.0,456804,False,False,False,False,True,True,True,22,0,0,0,0.0,0.0,118,118th Congress (2023–2025),118
V000130,Juan Vargas,House,Democratic,CA,52,CA-52,Representative,True,2013-01-03,12.0,412522,True,True,True,True,True,True,True,7,0,0,0,0.0,0.0,118,118th Congress (2023–2025),118
B001287,Ami Bera,House,Democratic,CA,6,CA-6,Representative,True,2013-01-03,12.0,412512,True,True,True,True,True,True,True,14,0,0,0,0.0,0.0,118,118th Congress (2023–2025),118
M001163,Doris O. Matsui,House,Democratic,CA,7,CA-7,Representative,True,2005-03-10,19.8,400663,True,True,True,True,True,True,True,33,0,0,0,0.0,0.0,118,118th Congress (2023–2025),118
G000559,John Garamendi,House,Democratic,CA,8,CA-8,Representative,True,2009-11-03,15.2,412382,True,True,True,True,True,True,True,40,0,0,0,0.0,0.0,118,118th Congress (2023–2025),118
H001090,Josh Harder,House,Democratic,CA,9,CA-9,Representative,True,2019-01-03,6.0,412754,False,False,False,True,True,True,True,37,0,0,0,0.0,0.0,118,118th Congress (2023–2025),118
D000197,Diana DeGette,House,Democratic,CO,1,CO-1,Representative,True,1997-01-07,28.0,400101,True,True,True,True,True,True,True,11,0,0,0,0.0,0.0,118,118th Congress (2023–2025),118
N000191,Joe Neguse,House,Democratic,CO,2,CO-2,Representative,True,2019-01-03,6.0,412761,False,False,False,True,True,True,True,102,3,1,4,0.0392156862745098,0.029411764705882353,118,118th Congress (2023–2025),118
B000825,Lauren Boebert,House,Republican,CO,4,CO-4,Representative,True,2021-01-03,4.0,456805,False,False,False,False,True,True,True,25,1,0,1,0.04,0.04,118,118th Congress (2023–2025),118
C001121,Jason Crow,House,Democratic,CO,6,CO-6,Representative,True,2019-01-03,6.0,412762,False,False,False,True,True,True,True,30,0,0,0,0.0,0.0,118,118th Congress (2023–2025),118
P000620,Brittany Pettersen,House,Democratic,CO,7,CO-7,Representative,True,2023-01-03,2.0,456886,False,False,False,False,False,True,True,25,0,0,0,0.0,0.0,118,118th Congress (2023–2025),118
L000557,John B. Larson,House,Democratic,CT,1,CT-1,Representative,True,1999-01-06,26.0,400233,True,True,True,True,True,True,True,4,0,0,0,0.0,0.0,118,118th Congress (2023–2025),118
C001069,Joe Courtney,House,Democratic,CT,2,CT-2,Representative,True,2007-01-04,18.0,412193,True,True,True,True,True,True,True,16,0,0,0,0.0,0.0,118,118th Congress (2023–2025),118
D000216,Rosa L. DeLauro,House,Democratic,CT,3,CT-3,Representative,True,1991-01-03,34.0,400103,True,True,True,True,True,True,True,37,0,0,0,0.0,0.0,118,118th Congress (2023–2025),118
H001047,James A. Himes,House,Democratic,CT,4,CT-4,Representative,True,2009-01-06,16.0,412282,True,True,True,True,True,True,True,7,0,0,0,0.0,0.0,118,118th Congress (2023–2025),118
H001081,Jahana Hayes,House,Democratic,CT,5,CT-5,Representative,True,2019-01-03,6.0,412763,False,False,False,True,True,True,True,26,0,0,0,0.0,0.0,118,118th Congress (2023–2025),118
N000147,Eleanor Holmes Norton,House,Democratic,DC,At-Large,DC-AL,Delegate/Resident Commissioner,False,1991-01-03,34.0,400295,True,True,True,True,True,True,True,102,0,0,0,0.0,0.0,118,118th Congress (2023–2025),118
F000476,Maxwell Frost,House,Democratic,FL,10,FL-10,Representative,True,2023-01-03,2.0,456890,False,False,False,False,False,True,True,19,0,0,0,0.0,0.0,118,118th Congress (2023–2025),118
W000806,Daniel Webster,House,Republican,FL,11,FL-11,Representative,True,2011-01-05,14.0,412410,True,True,True,True,True,True,True,5,0,0,0,0.0,0.0,118,118th Congress (2023–2025),118
B001257,Gus M. Bilirakis,House,Republican,FL,12,FL-12,Representative,True,2007-01-04,18.0,412250,True,True,True,True,True,True,True,31,3,0,3,0.0967741935483871,0.0967741935483871,118,118th Congress (2023–2025),118
L000596,Anna Paulina Luna,House,Republican,FL,13,FL-13,Representative,True,2023-01-03,2.0,456891,False,False,False,False,False,True,True,23,1,0,1,0.043478260869565216,0.043478260869565216,118,118th Congress (2023–2025),118
C001066,Kathy Castor,House,Democratic,FL,14,FL-14,Representative,True,2007-01-04,18.0,412195,True,True,True,True,True,True,True,23,0,0,0,0.0,0.0,118,118th Congress (2023–2025),118
L000597,Laurel M. Lee,House,Republican,FL,15,FL-15,Representative,True,2023-01-03,2.0,456892,False,False,False,False,False,True,True,16,1,1,2,0.125,0.0625,118,118th Congress (2023–2025),118
B001260,Vern Buchanan,House,Republican,FL,16,FL-16,Representative,True,2007-01-04,18.0,412196,True,True,True,True,True,True,True,38,0,0,0,0.0,0.0,118,118th Congress (2023–2025),118
S001214,W. Gregory Steube,House,Republican,FL,17,FL-17,Representative,True,2019-01-03,6.0,412766,False,False,False,True,True,True,True,65,1,0,1,0.015384615384615385,0.015384615384615385,118,118th Congress (2023–2025),118
F000472,Scott Franklin,House,Republican,FL,18,FL-18,Representative,True,2021-01-03,4.0,456807,False,False,False,False,True,True,True,21,1,0,1,0.047619047619047616,0.047619047619047616,118,118th Congress (2023–2025),118
D000032,Byron Donalds,House,Republican,FL,19,FL-19,Representative,True,2021-01-03,4.0,456808,False,False,False,False,True,True,True,68,1,0,1,0.014705882352941176,0.014705882352941176,118,118th Congress (2023–2025),118
D000628,Neal P. Dunn,House,Republican,FL,2,FL-2,Representative,True,2017-01-03,8.0,412691,False,False,True,True,True,True,True,20,0,0,0,0.0,0.0,118,118th Congress (2023–2025),118
M001199,Brian J. Mast,House,Republican,FL,21,FL-21,Representative,True,2017-01-03,8.0,412698,False,False,True,True,True,True,True,28,1,0,1,0.03571428571428571,0.03571428571428571,118,118th Congress (2023–2025),118
F000462,Lois Frankel,House,Democratic,FL,22,FL-22,Representative,True,2013-01-03,12.0,412529,True,True,True,True,True,True,True,5,1,0,1,0.2,0.2,118,118th Congress (2023–2025),118
M001217,Jared Moskowitz,House,Democratic,FL,23,FL-23,Representative,True,2023-01-03,2.0,456893,False,False,False,False,False,True,True,11,0,0,0,0.0,0.0,118,118th Congress (2023–2025),118
W000808,Frederica S. Wilson,House,Democratic,FL,24,FL-24,Representative,True,2011-01-05,14.0,412412,True,True,True,True,True,True,True,17,0,0,0,0.0,0.0,118,118th Congress (2023–2025),118
W000797,Debbie Wasserman Schultz,House,Democratic,FL,25,FL-25,Representative,True,2005-01-04,20.0,400623,True,True,True,True,True,True,True,24,1,0,1,0.041666666666666664,0.041666666666666664,118,118th Congress (2023–2025),118
D000600,Mario Diaz-Balart,House,Republican,FL,26,FL-26,Representative,True,2003-01-07,22.0,400108,True,True,True,True,True,True,True,12,0,0,0,0.0,0.0,118,118th Congress (2023–2025),118
S000168,Maria Elvira Salazar,House,Republican,FL,27,FL-27,Representative,True,2021-01-03,4.0,456810,False,False,False,False,True,True,True,28,1,1,2,0.07142857142857142,0.03571428571428571,118,118th Congress (2023–2025),118
G000593,Carlos A. Gimenez,House,Republican,FL,28,FL-28,Representative,True,2021-01-03,4.0,456809,False,False,False,False,True,True,True,18,0,0,0,0.0,0.0,118,118th Congress (2023–2025),118
C001039,Kat Cammack,House,Republican,FL,3,FL-3,Representative,True,2021-01-03,4.0,456806,False,False,False,False,True,True,True,18,0,0,0,0.0,0.0,118,118th Congress (2023–2025),118
B001314,Aaron Bean,House,Republican,FL,4,FL-4,Representative,True,2023-01-03,2.0,456888,False,False,False,False,False,True,True,19,1,0,1,0.05263157894736842,0.05263157894736842,118,118th Congress (2023–2025),118
R000609,John H. Rutherford,House,Republican,FL,5,FL-5,Representative,True,2017-01-03,8.0,412692,False,False,True,True,True,True,True,10,0,0,0,0.0,0.0,118,118th Congress (2023–2025),118
M001216,Cory Mills,House,Republican,FL,7,FL-7,Representative,True,2023-01-03,2.0,456889,False,False,False,False,False,True,True,11,1,0,1,0.09090909090909091,0.09090909090909091,118,118th Congress (2023–2025),118
S001200,Darren Soto,House,Democratic,FL,9,FL-9,Representative,True,2017-01-03,8.0,412695,False,False,True,True,True,True,True,19,0,0,0,0.0,0.0,118,118th Congress (2023–2025),118
C001103,"Earl L. ""Buddy"" Carter",House,Republican,GA,1,GA-1,Representative,True,2015-01-06,10.0,412622,False,True,True,True,True,True,True,48,2,0,2,0.041666666666666664,0.041666666666666664,118,118th Congress (2023–2025),118
C001129,Mike Collins,House,Republican,GA,10,GA-10,Representative,True,2023-01-03,2.0,456895,False,False,False,False,False,True,True,9,1,0,1,0.1111111111111111,0.1111111111111111,118,118th Congress (2023–2025),118
L000583,Barry Loudermilk,House,Republican,GA,11,GA-11,Representative,True,2015-01-06,10.0,412624,False,True,True,True,True,True,True,14,0,0,0,0.0,0.0,118,118th Congress (2023–2025),118
A000372,Rick W. Allen,House,Republican,GA,12,GA-12,Representative,True,2015-01-06,10.0,412625,False,True,True,True,True,True,True,17,1,0,1,0.058823529411764705,0.058823529411764705,118,118th Congress (2023–2025),118
B000490,"Sanford D. Bishop, Jr.",House,Democratic,GA,2,GA-2,Representative,True,1993-01-05,32.0,400030,True,True,True,True,True,True,True,6,1,0,1,0.16666666666666666,0.16666666666666666,118,118th Congress (2023–2025),118
J000288,"Henry C. ""Hank"" Johnson, Jr.",House,Democratic,GA,4,GA-4,Representative,True,2007-01-04,18.0,412199,True,True,True,True,True,True,True,18,0,0,0,0.0,0.0,118,118th Congress (2023–2025),118
W000788,Nikema Williams,House,Democratic,GA,5,GA-5,Representative,True,2021-01-03,4.0,456811,False,False,False,False,True,True,True,37,0,0,0,0.0,0.0,118,118th Congress (2023–2025),118
M001208,Lucy McBath,House,Democratic,GA,6,GA-6,Representative,True,2019-01-03,6.0,412769,False,False,False,True,True,True,True,13,2,0,2,0.15384615384615385,0.15384615384615385,118,118th Congress (2023–2025),118
M001218,Richard McCormick,House,Republican,GA,7,GA-7,Representative,True,2023-01-03,2.0,456894,False,False,False,False,False,True,True,12,0,0,0,0.0,0.0,118,118th Congress (2023–2025),118
S001189,Austin Scott,House,Republican,GA,8,GA-8,Representative,True,2011-01-05,14.0,412417,True,True,True,True,True,True,True,4,1,0,1,0.25,0.25,118,118th Congress (2023–2025),118
C001116,Andrew S. Clyde,House,Republican,GA,9,GA-9,Representative,True,2021-01-03,4.0,456813,False,False,False,False,True,True,True,16,1,0,1,0.0625,0.0625,118,118th Congress (2023–2025),118
M001219,James C. Moylan,House,Republican,GU,At-Large,GU-AL,Delegate/Resident Commissioner,False,2023-01-03,2.0,456896,False,False,False,False,False,True,True,26,0,0,0,0.0,0.0,118,118th Congress (2023–2025),118
C001055,Ed Case,House,Democratic,HI,1,HI-1,Representative,True,2003-01-07,22.0,400069,False,False,False,True,True,True,True,21,0,0,0,0.0,0.0,118,118th Congress (2023–2025),118
T000487,Jill N. Tokuda,House,Democratic,HI,2,HI-2,Representative,True,2023-01-03,2.0,456897,False,False,False,False,False,True,True,30,2,0,2,0.06666666666666667,0.06666666666666667,118,118th Congress (2023–2025),118
M001215,Mariannette Miller-Meeks,House,Republican,IA,1,IA-1,Representative,True,2021-01-03,4.0,456817,False,False,False,False,True,True,True,41,0,0,0,0.0,0.0,118,118th Congress (2023–2025),118
H001091,Ashley Hinson,House,Republican,IA,2,IA-2,Representative,True,2021-01-03,4.0,456816,False,False,False,False,True,True,True,30,1,0,1,0.03333333333333333,0.03333333333333333,118,118th Congress (2023–2025),118
N000193,Zachary Nunn,House,Republican,IA,3,IA-3,Representative,True,2023-01-03,2.0,456898,False,False,False,False,False,True,True,48,0,0,0,0.0,0.0,118,118th Congress (2023–2025),118
F000446,Randy Feenstra,House,Republican,IA,4,IA-4,Representative,True,2021-01-03,4.0,456818,False,False,False,False,True,True,True,46,1,0,1,0.021739130434782608,0.021739130434782608,118,118th Congress (2023–2025),118
F000469,Russ Fulcher,House,Republican,ID,1,ID-1,Representative,True,2019-01-03,6.0,412773,False,False,False,True,True,True,True,15,0,0,0,0.0,0.0,118,118th Congress (2023–2025),118
S001148,Michael K. Simpson,House,Republican,ID,2,ID-2,Representative,True,1999-01-06,26.0,400376,True,True,True,True,True,True,True,8,0,0,0,0.0,0.0,118,118th Congress (2023–2025),118
J000309,Jonathan L. Jackson,House,Democratic,IL,1,IL-1,Representative,True,2023-01-03,2.0,456899,False,False,False,False,False,True,True,5,0,0,0,0.0,0.0,118,118th Congress (2023–2025),118
S001190,Bradley Scott Schneider,House,Democratic,IL,10,IL-10,Representative,True,2013-01-03,12.0,412534,True,False,True,True,True,True,True,25,0,0,0,0.0,0.0,118,118th Congress (2023–2025),118
F000454,Bill Foster,House,Democratic,IL,11,IL-11,Representative,True,2008-03-08,16.8,412257,True,True,True,True,True,True,True,28,0,0,0,0.0,0.0,118,118th Congress (2023–2025),118
B001295,Mike Bost,House,Republican,IL,12,IL-12,Representative,True,2015-01-06,10.0,412629,False,True,True,True,True,True,True,33,2,0,2,0.06060606060606061,0.06060606060606061,118,118th Congress (2023–2025),118
B001315,Nikki Budzinski,House,Democratic,IL,13,IL-13,Representative,True,2023-01-03,2.0,456901,False,False,False,False,False,True,True,15,0,0,0,0.0,0.0,118,118th Congress (2023–2025),118
U000040,Lauren Underwood,House,Democratic,IL,14,IL-14,Representative,True,2019-01-03,6.0,412776,False,False,False,True,True,True,True,28,0,0,0,0.0,0.0,118,118th Congress (2023–2025),118
M001211,Mary E. Miller,House,Republican,IL,15,IL-15,Representative,True,2021-01-03,4.0,456820,False,False,False,False,True,True,True,20,0,0,0,0.0,0.0,118,118th Congress (2023–2025),118
L000585,Darin LaHood,House,Republican,IL,16,IL-16,Representative,True,2015-09-17,9.3,412674,False,True,True,True,True,True,True,30,3,0,3,0.1,0.1,118,118th Congress (2023–2025),118
S001225,Eric Sorensen,House,Democratic,IL,17,IL-17,Representative,True,2023-01-03,2.0,456902,False,False,False,False,False,True,True,12,0,1,1,0.08333333333333333,0.0,118,118th Congress (2023–2025),118
K000385,Robin L. Kelly,House,Democratic,IL,2,IL-2,Representative,True,2013-04-09,11.7,412595,True,True,True,True,True,True,True,21,0,0,0,0.0,0.0,118,118th Congress (2023–2025),118
R000617,Delia C. Ramirez,House,Democratic,IL,3,IL-3,Representative,True,2023-01-03,2.0,456900,False,False,False,False,False,True,True,7,0,0,0,0.0,0.0,118,118th Congress (2023–2025),118
G000586,"Jesús G. ""Chuy"" García",House,Democratic,IL,4,IL-4,Representative,True,2019-01-03,6.0,412774,False,False,False,True,True,True,True,11,0,0,0,0.0,0.0,118,118th Congress (2023–2025),118
Q000023,Mike Quigley,House,Democratic,IL,5,IL-5,Representative,True,2009-04-07,15.7,412331,True,True,True,True,True,True,True,11,0,0,0,0.0,0.0,118,118th Congress (2023–2025),118
C001117,Sean Casten,House,Democratic,IL,6,IL-6,Representative,True,2019-01-03,6.0,412775,False,False,False,True,True,True,True,31,0,0,0,0.0,0.0,118,118th Congress (2023–2025),118
D000096,Danny K. Davis,House,Democratic,IL,7,IL-7,Representative,True,1997-01-07,28.0,400093,True,True,True,True,True,True,True,36,0,0,0,0.0,0.0,118,118th Congress (2023–2025),118
K000391,Raja Krishnamoorthi,House,Democratic,IL,8,IL-8,Representative,True,2017-01-03,8.0,412701,False,False,True,True,True,True,True,21,1,0,1,0.047619047619047616,0.047619047619047616,118,118th Congress (2023–2025),118
S001145,Janice D. Schakowsky,House,Democratic,IL,9,IL-9,Representative,True,1999-01-06,26.0,400360,True,True,True,True,True,True,True,42,0,0,0,0.0,0.0,118,118th Congress (2023–2025),118
M001214,Frank J. Mrvan,House,Democratic,IN,1,IN-1,Representative,True,2021-01-03,4.0,456821,False,False,False,False,True,True,True,6,0,0,0,0.0,0.0,118,118th Congress (2023–2025),118
Y000067,Rudy Yakym III,House,Republican,IN,2,IN-2,Representative,True,2022-11-14,2.1,456873,False,False,False,False,True,True,True,17,0,0,0,0.0,0.0,118,118th Congress (2023–2025),118
B001307,James R. Baird,House,Republican,IN,4,IN-4,Representative,True,2019-01-03,6.0,412777,False,False,False,True,True,True,True,14,0,1,1,0.07142857142857142,0.0,118,118th Congress (2023–2025),118
S000929,Victoria Spartz,House,Republican,IN,5,IN-5,Representative,True,2021-01-03,4.0,456822,False,False,False,False,True,True,True,13,1,0,1,0.07692307692307693,0.07692307692307693,118,118th Congress (2023–2025),118
C001072,André Carson,House,Democratic,IN,7,IN-7,Representative,True,2008-03-13,16.8,412258,True,True,True,True,True,True,True,11,0,0,0,0.0,0.0,118,118th Congress (2023–2025),118
H001093,Erin Houchin,House,Republican,IN,9,IN-9,Representative,True,2023-01-03,2.0,456903,False,False,False,False,False,True,True,11,1,0,1,0.09090909090909091,0.09090909090909091,118,118th Congress (2023–2025),118
M000871,Tracey Mann,House,Republican,KS,1,KS-1,Representative,True,2021-01-03,4.0,456823,False,False,False,False,True,True,True,18,0,0,0,0.0,0.0,118,118th Congress (2023–2025),118
D000629,Sharice Davids,House,Democratic,KS,3,KS-3,Representative,True,2019-01-03,6.0,412780,False,False,False,True,True,True,True,13,0,0,0,0.0,0.0,118,118th Congress (2023–2025),118
E000298,Ron Estes,House,Republican,KS,4,KS-4,Representative,True,2017-04-25,7.7,412735,False,False,True,True,True,True,True,14,0,0,0,0.0,0.0,118,118th Congress (2023–2025),118
C001108,James Comer,House,Republican,KY,1,KY-1,Representative,True,2016-11-14,8.1,412676,False,True,True,True,True,True,True,14,1,0,1,0.07142857142857142,0.07142857142857142,118,118th Congress (2023–2025),118
G000558,Brett Guthrie,House,Republican,KY,2,KY-2,Representative,True,2009-01-06,16.0,412278,True,True,True,True,True,True,True,24,1,0,1,0.041666666666666664,0.041666666666666664,118,118th Congress (2023–2025),118
M001220,Morgan McGarvey,House,Democratic,KY,3,KY-3,Representative,True,2023-01-03,2.0,456904,False,False,False,False,False,True,True,25,0,0,0,0.0,0.0,118,118th Congress (2023–2025),118
M001184,Thomas Massie,House,Republican,KY,4,KY-4,Representative,True,2012-11-13,12.1,412503,True,True,True,True,True,True,True,19,0,0,0,0.0,0.0,118,118th Congress (2023–2025),118
R000395,Harold Rogers,House,Republican,KY,5,KY-5,Representative,True,1981-01-05,44.0,400340,True,True,True,True,True,True,True,7,0,0,0,0.0,0.0,118,118th Congress (2023–2025),118
B001282,Andy Barr,House,Republican,KY,6,KY-6,Representative,True,2013-01-03,12.0,412541,True,True,True,True,True,True,True,43,0,0,0,0.0,0.0,118,118th Congress (2023–2025),118
S001176,Steve Scalise,House,Republican,LA,1,LA-1,Representative,True,2008-05-07,16.7,412261,True,True,True,True,True,True,True,4,2,0,2,0.5,0.5,118,118th Congress (2023–2025),118
C001125,Troy A. Carter,House,Democratic,LA,2,LA-2,Representative,True,2021-05-11,3.6,456860,False,False,False,False,True,True,True,18,1,0,1,0.05555555555555555,0.05555555555555555,118,118th Congress (2023–2025),118
H001077,Clay Higgins,House,Republican,LA,3,LA-3,Representative,True,2017-01-03,8.0,412705,False,False,True,True,True,True,True,44,1,0,1,0.022727272727272728,0.022727272727272728,118,118th Congress (2023–2025),118
J000299,Mike Johnson,House,Republican,LA,4,LA-4,Representative,True,2017-01-03,8.0,412706,False,False,True,True,True,True,True,8,0,0,0,0.0,0.0,118,118th Congress (2023–2025),118
L000595,Julia Letlow,House,Republican,LA,5,LA-5,Representative,True,2021-04-14,3.7,456859,False,False,False,False,True,True,True,6,0,0,0,0.0,0.0,118,118th Congress (2023–2025),118
N000015,Richard E. Neal,House,Democratic,MA,1,MA-1,Representative,True,1989-01-03,36.0,400291,True,True,True,True,True,True,True,4,0,0,0,0.0,0.0,118,118th Congress (2023–2025),118
M000312,James P. McGovern,House,Democratic,MA,2,MA-2,Representative,True,1997-01-07,28.0,400263,True,True,True,True,True,True,True,18,0,0,0,0.0,0.0,118,118th Congress (2023–2025),118
T000482,Lori Trahan,House,Democratic,MA,3,MA-3,Representative,True,2019-01-03,6.0,412781,False,False,False,True,True,True,True,12,0,0,0,0.0,0.0,118,118th Congress (2023–2025),118
A000148,Jake Auchincloss,House,Democratic,MA,4,MA-4,Representative,True,2021-01-03,4.0,456825,False,False,False,False,True,True,True,8,0,0,0,0.0,0.0,118,118th Congress (2023–2025),118
C001101,Katherine M. Clark,House,Democratic,MA,5,MA-5,Representative,True,2013-12-12,11.1,412600,True,True,True,True,True,True,True,6,0,0,0,0.0,0.0,118,118th Congress (2023–2025),118
M001196,Seth Moulton,House,Democratic,MA,6,MA-6,Representative,True,2015-01-06,10.0,412632,False,True,True,True,True,True,True,10,1,0,1,0.1,0.1,118,118th Congress (2023–2025),118
P000617,Ayanna Pressley,House,Democratic,MA,7,MA-7,Representative,True,2019-01-03,6.0,412782,False,False,False,True,True,True,True,30,1,0,1,0.03333333333333333,0.03333333333333333,118,118th Congress (2023–2025),118
L000562,Stephen F. Lynch,House,Democratic,MA,8,MA-8,Representative,True,2001-10-23,23.2,400249,True,True,True,True,True,True,True,14,0,0,0,0.0,0.0,118,118th Congress (2023–2025),118
K000375,William R. Keating,House,Democratic,MA,9,MA-9,Representative,True,2011-01-05,14.0,412435,True,True,True,True,True,True,True,14,0,0,0,0.0,0.0,118,118th Congress (2023–2025),118
H001052,Andy Harris,House,Republican,MD,1,MD-1,Representative,True,2011-01-05,14.0,412434,True,True,True,True,True,True,True,2,0,0,0,0.0,0.0,118,118th Congress (2023–2025),118
I000058,Glenn Ivey,House,Democratic,MD,4,MD-4,Representative,True,2023-01-03,2.0,456905,False,False,False,False,False,True,True,8,0,0,0,0.0,0.0,118,118th Congress (2023–2025),118
H000874,Steny H. Hoyer,House,Democratic,MD,5,MD-5,Representative,True,1981-01-05,44.0,400189,True,True,True,True,True,True,True,1,0,0,0,0.0,0.0,118,118th Congress (2023–2025),118
M000687,Kweisi Mfume,House,Democratic,MD,7,MD-7,Representative,True,1987-01-06,38.0,407672,False,False,False,True,True,True,True,14,2,0,2,0.14285714285714285,0.14285714285714285,118,118th Congress (2023–2025),118
R000606,Jamie Raskin,House,Democratic,MD,8,MD-8,Representative,True,2017-01-03,8.0,412708,False,False,True,True,True,True,True,23,0,0,0,0.0,0.0,118,118th Congress (2023–2025),118
P000597,Chellie Pingree,House,Democratic,ME,1,ME-1,Representative,True,2009-01-06,16.0,412307,True,True,True,True,True,True,True,18,0,0,0,0.0,0.0,118,118th Congress (2023–2025),118
G000592,Jared F. Golden,House,Democratic,ME,2,ME-2,Representative,True,2019-01-03,6.0,412842,False,False,False,True,True,True,True,23,0,0,0,0.0,0.0,118,118th Congress (2023–2025),118
B001301,Jack Bergman,House,Republican,MI,1,MI-1,Representative,True,2017-01-03,8.0,412709,False,False,True,True,True,True,True,23,1,1,2,0.08695652173913043,0.043478260869565216,118,118th Congress (2023–2025),118
J000307,John James,House,Republican,MI,10,MI-10,Representative,True,2023-01-03,2.0,456907,False,False,False,False,False,True,True,31,0,0,0,0.0,0.0,118,118th Congress (2023–2025),118
S001215,Haley M. Stevens,House,Democratic,MI,11,MI-11,Representative,True,2019-01-03,6.0,412786,False,False,False,True,True,True,True,26,0,0,0,0.0,0.0,118,118th Congress (2023–2025),118
T000481,Rashida Tlaib,House,Democratic,MI,12,MI-12,Representative,True,2019-01-03,6.0,412787,False,False,False,True,True,True,True,21,0,1,1,0.047619047619047616,0.0,118,118th Congress (2023–2025),118
T000488,Shri Thanedar,House,Democratic,MI,13,MI-13,Representative,True,2023-01-03,2.0,456908,False,False,False,False,False,True,True,23,0,0,0,0.0,0.0,118,118th Congress (2023–2025),118
M001194,John R. Moolenaar,House,Republican,MI,2,MI-2,Representative,True,2015-01-06,10.0,412634,False,True,True,True,True,True,True,23,1,0,1,0.043478260869565216,0.043478260869565216,118,118th Congress (2023–2025),118
S001221,Hillary J. Scholten,House,Democratic,MI,3,MI-3,Representative,True,2023-01-03,2.0,456906,False,False,False,False,False,True,True,9,1,0,1,0.1111111111111111,0.1111111111111111,118,118th Congress (2023–2025),118
H001058,Bill Huizenga,House,Republican,MI,4,MI-4,Representative,True,2011-01-05,14.0,412437,True,True,True,True,True,True,True,25,0,1,1,0.04,0.0,118,118th Congress (2023–2025),118
W000798,Tim Walberg,House,Republican,MI,5,MI-5,Representative,True,2007-01-04,18.0,412213,True,True,True,True,True,True,True,30,0,0,0,0.0,0.0,118,118th Congress (2023–2025),118
D000624,Debbie Dingell,House,Democratic,MI,6,MI-6,Representative,True,2015-01-06,10.0,412637,False,True,True,True,True,True,True,44,0,0,0,0.0,0.0,118,118th Congress (2023–2025),118
M001136,Lisa C. McClain,House,Republican,MI,9,MI-9,Representative,True,2021-01-03,4.0,456827,False,False,False,False,True,True,True,19,0,1,1,0.05263157894736842,0.0,118,118th Congress (2023–2025),118
F000475,Brad Finstad,House,Republican,MN,1,MN-1,Representative,True,2022-08-12,2.4,456869,False,False,False,False,True,True,True,30,0,0,0,0.0,0.0,118,118th Congress (2023–2025),118
C001119,Angie Craig,House,Democratic,MN,2,MN-2,Representative,True,2019-01-03,6.0,412789,False,False,False,True,True,True,True,24,0,0,0,0.0,0.0,118,118th Congress (2023–2025),118
M001143,Betty McCollum,House,Democratic,MN,4,MN-4,Representative,True,2001-01-03,24.0,400259,True,True,True,True,True,True,True,7,0,0,0,0.0,0.0,118,118th Congress (2023–2025),118
O000173,Ilhan Omar,House,Democratic,MN,5,MN-5,Representative,True,2019-01-03,6.0,412791,False,False,False,True,True,True,True,19,0,0,0,0.0,0.0,118,118th Congress (2023–2025),118
E000294,Tom Emmer,House,Republican,MN,6,MN-6,Representative,True,2015-01-06,10.0,412639,False,True,True,True,True,True,True,12,0,0,0,0.0,0.0,118,118th Congress (2023–2025),118
F000470,Michelle Fischbach,House,Republican,MN,7,MN-7,Representative,True,2021-01-03,4.0,456828,False,False,False,False,True,True,True,17,1,0,1,0.058823529411764705,0.058823529411764705,118,118th Congress (2023–2025),118
S001212,Pete Stauber,House,Republican,MN,8,MN-8,Representative,True,2019-01-03,6.0,412792,False,False,False,True,True,True,True,22,1,0,1,0.045454545454545456,0.045454545454545456,118,118th Congress (2023–2025),118
W000812,Ann Wagner,House,Republican,MO,2,MO-2,Representative,True,2013-01-03,12.0,412548,True,True,True,True,True,True,True,23,1,0,1,0.043478260869565216,0.043478260869565216,118,118th Congress (2023–2025),118
A000379,Mark Alford,House,Republican,MO,4,MO-4,Representative,True,2023-01-03,2.0,456909,False,False,False,False,False,True,True,18,0,0,0,0.0,0.0,118,118th Congress (2023–2025),118
C001061,Emanuel Cleaver,House,Democratic,MO,5,MO-5,Representative,True,2005-01-04,20.0,400639,True,True,True,True,True,True,True,25,0,0,0,0.0,0.0,118,118th Congress (2023–2025),118
G000546,Sam Graves,House,Republican,MO,6,MO-6,Representative,True,2001-01-03,24.0,400158,True,True,True,True,True,True,True,17,4,0,4,0.23529411764705882,0.23529411764705882,118,118th Congress (2023–2025),118
B001316,Eric Burlison,House,Republican,MO,7,MO-7,Representative,True,2023-01-03,2.0,456910,False,False,False,False,False,True,True,21,0,0,0,0.0,0.0,118,118th Congress (2023–2025),118
S001195,Jason Smith,House,Republican,MO,8,MO-8,Representative,True,2013-06-04,11.6,412596,True,True,True,True,True,True,True,13,2,0,2,0.15384615384615385,0.15384615384615385,118,118th Congress (2023–2025),118
K000388,Trent Kelly,House,Republican,MS,1,MS-1,Representative,True,2015-06-09,9.6,412673,False,True,True,True,True,True,True,12,0,0,0,0.0,0.0,118,118th Congress (2023–2025),118
T000193,Bennie G. Thompson,House,Democratic,MS,2,MS-2,Representative,True,1993-04-13,31.7,400402,True,True,True,True,True,True,True,12,0,0,0,0.0,0.0,118,118th Congress (2023–2025),118
G000591,Michael Guest,House,Republican,MS,3,MS-3,Representative,True,2019-01-03,6.0,412793,False,False,False,True,True,True,True,7,0,1,1,0.14285714285714285,0.0,118,118th Congress (2023–2025),118
E000235,Mike Ezell,House,Republican,MS,4,MS-4,Representative,True,2023-01-03,2.0,456911,False,False,False,False,False,True,True,11,0,1,1,0.09090909090909091,0.0,118,118th Congress (2023–2025),118
Z000018,Ryan K. Zinke,House,Republican,MT,1,MT-1,Representative,True,2015-01-06,10.0,412640,False,True,True,False,False,True,True,15,0,1,1,0.06666666666666667,0.0,118,118th Congress (2023–2025),118
D000230,Donald G. Davis,House,Democratic,NC,1,NC-1,Representative,True,2023-01-03,2.0,456912,False,False,False,False,False,True,True,24,1,0,1,0.041666666666666664,0.041666666666666664,118,118th Congress (2023–2025),118
E000246,Chuck Edwards,House,Republican,NC,11,NC-11,Representative,True,2023-01-03,2.0,456914,False,False,False,False,False,True,True,26,0,1,1,0.038461538461538464,0.0,118,118th Congress (2023–2025),118
A000370,Alma S. Adams,House,Democratic,NC,12,NC-12,Representative,True,2014-11-12,10.1,412607,True,True,True,True,True,True,True,19,0,0,0,0.0,0.0,118,118th Congress (2023–2025),118
R000305,Deborah K. Ross,House,Democratic,NC,2,NC-2,Representative,True,2021-01-03,4.0,456831,False,False,False,False,True,True,True,24,1,0,1,0.041666666666666664,0.041666666666666664,118,118th Congress (2023–2025),118
M001210,Gregory F. Murphy,House,Republican,NC,3,NC-3,Representative,True,2019-09-17,5.3,412845,False,False,False,True,True,True,True,30,0,0,0,0.0,0.0,118,118th Congress (2023–2025),118
F000477,Valerie P. Foushee,House,Democratic,NC,4,NC-4,Representative,True,2023-01-03,2.0,456913,False,False,False,False,False,True,True,5,0,0,0,0.0,0.0,118,118th Congress (2023–2025),118
F000450,Virginia Foxx,House,Republican,NC,5,NC-5,Representative,True,2005-01-04,20.0,400643,True,True,True,True,True,True,True,19,0,0,0,0.0,0.0,118,118th Congress (2023–2025),118
R000603,David Rouzer,House,Republican,NC,7,NC-7,Representative,True,2015-01-06,10.0,412641,False,True,True,True,True,True,True,18,0,0,0,0.0,0.0,118,118th Congress (2023–2025),118
H001067,Richard Hudson,House,Republican,NC,9,NC-9,Representative,True,2013-01-03,12.0,412550,True,True,True,True,True,True,True,22,0,0,0,0.0,0.0,118,118th Congress (2023–2025),118
F000474,Mike Flood,House,Republican,NE,1,NE-1,Representative,True,2022-07-12,2.5,456868,False,False,False,False,True,True,True,16,0,0,0,0.0,0.0,118,118th Congress (2023–2025),118
B001298,Don Bacon,House,Republican,NE,2,NE-2,Representative,True,2017-01-03,8.0,412713,False,False,True,True,True,True,True,59,0,0,0,0.0,0.0,118,118th Congress (2023–2025),118
S001172,Adrian Smith,House,Republican,NE,3,NE-3,Representative,True,2007-01-04,18.0,412217,True,True,True,True,True,True,True,37,6,0,6,0.16216216216216217,0.16216216216216217,118,118th Congress (2023–2025),118
P000614,Chris Pappas,House,Democratic,NH,1,NH-1,Representative,True,2019-01-03,6.0,412795,False,False,False,True,True,True,True,38,2,0,2,0.05263157894736842,0.05263157894736842,118,118th Congress (2023–2025),118
N000188,Donald Norcross,House,Democratic,NJ,1,NJ-1,Representative,True,2014-11-12,10.1,412606,True,True,True,True,True,True,True,18,0,0,0,0.0,0.0,118,118th Congress (2023–2025),118
M001229,LaMonica McIver,House,Democratic,NJ,10,NJ-10,Representative,True,2024-09-18,0.3,456962,False,False,False,False,False,True,True,1,0,0,0,0.0,0.0,118,118th Congress (2023–2025),118
W000822,Bonnie Watson Coleman,House,Democratic,NJ,12,NJ-12,Representative,True,2015-01-06,10.0,412644,False,True,True,True,True,True,True,32,0,0,0,0.0,0.0,118,118th Congress (2023–2025),118
V000133,Jefferson Van Drew,House,Republican,NJ,2,NJ-2,Representative,True,2019-01-03,6.0,412796,False,False,False,True,True,True,True,43,2,0,2,0.046511627906976744,0.046511627906976744,118,118th Congress (2023–2025),118
S000522,Christopher H. Smith,House,Republican,NJ,4,NJ-4,Representative,True,1981-01-05,44.0,400380,True,True,True,True,True,True,True,43,1,2,3,0.06976744186046512,0.023255813953488372,118,118th Congress (2023–2025),118
G000583,Josh Gottheimer,House,Democratic,NJ,5,NJ-5,Representative,True,2017-01-03,8.0,412714,False,False,True,True,True,True,True,40,0,0,0,0.0,0.0,118,118th Congress (2023–2025),118
P000034,"Frank Pallone, Jr.",House,Democratic,NJ,6,NJ-6,Representative,True,1987-01-06,38.0,400308,True,True,True,True,True,True,True,16,1,0,1,0.0625,0.0625,118,118th Congress (2023–2025),118
K000398,"Thomas H. Kean, Jr.",House,Republican,NJ,7,NJ-7,Representative,True,2023-01-03,2.0,456917,False,False,False,False,False,True,True,23,0,0,0,0.0,0.0,118,118th Congress (2023–2025),118
M001226,Robert Menendez,House,Democratic,NJ,8,NJ-8,Representative,True,2023-01-03,2.0,456918,False,False,False,False,False,True,True,12,0,0,0,0.0,0.0,118,118th Congress (2023–2025),118
S001218,Melanie A. Stansbury,House,Democratic,NM,1,NM-1,Representative,True,2021-06-14,3.6,456861,False,False,False,False,True,True,True,18,0,0,0,0.0,0.0,118,118th Congress (2023–2025),118
V000136,Gabe Vasquez,House,Democratic,NM,2,NM-2,Representative,True,2023-01-03,2.0,456919,False,False,False,False,False,True,True,26,0,0,0,0.0,0.0,118,118th Congress (2023–2025),118
L000273,Teresa Leger Fernandez,House,Democratic,NM,3,NM-3,Representative,True,2021-01-03,4.0,456835,False,False,False,False,True,True,True,32,0,1,1,0.03125,0.0,118,118th Congress (2023–2025),118
T000468,Dina Titus,House,Democratic,NV,1,NV-1,Representative,True,2009-01-06,16.0,412318,True,True,True,True,True,True,True,37,0,0,0,0.0,0.0,118,118th Congress (2023–2025),118
A000369,Mark E. Amodei,House,Republican,NV,2,NV-2,Representative,True,2011-09-13,13.3,412500,True,True,True,True,True,True,True,11,0,1,1,0.09090909090909091,0.0,118,118th Congress (2023–2025),118
L000590,Susie Lee,House,Democratic,NV,3,NV-3,Representative,True,2019-01-03,6.0,412802,False,False,False,True,True,True,True,23,1,1,2,0.08695652173913043,0.043478260869565216,118,118th Congress (2023–2025),118
H001066,Steven Horsford,House,Democratic,NV,4,NV-4,Representative,True,2013-01-03,12.0,412559,True,False,False,True,True,True,True,23,0,0,0,0.0,0.0,118,118th Congress (2023–2025),118
L000598,Nick LaLota,House,Republican,NY,1,NY-1,Representative,True,2023-01-03,2.0,456920,False,False,False,False,False,True,True,25,1,1,2,0.08,0.04,118,118th Congress (2023–2025),118
G000599,Daniel S. Goldman,House,Democratic,NY,10,NY-10,Representative,True,2023-01-03,2.0,456923,False,False,False,False,False,True,True,16,0,0,0,0.0,0.0,118,118th Congress (2023–2025),118
M000317,Nicole Malliotakis,House,Republican,NY,11,NY-11,Representative,True,2021-01-03,4.0,456837,False,False,False,False,True,True,True,36,0,0,0,0.0,0.0,118,118th Congress (2023–2025),118
N000002,Jerrold Nadler,House,Democratic,NY,12,NY-12,Representative,True,1992-11-03,32.2,400289,True,True,True,True,True,True,True,16,0,0,0,0.0,0.0,118,118th Congress (2023–2025),118
E000297,Adriano Espaillat,House,Democratic,NY,13,NY-13,Representative,True,2017-01-03,8.0,412718,False,False,True,True,True,True,True,40,1,0,1,0.025,0.025,118,118th Congress (2023–2025),118
O000172,Alexandria Ocasio-Cortez,House,Democratic,NY,14,NY-14,Representative,True,2019-01-03,6.0,412804,False,False,False,True,True,True,True,8,0,0,0,0.0,0.0,118,118th Congress (2023–2025),118
T000486,Ritchie Torres,House,Democratic,NY,15,NY-15,Representative,True,2021-01-03,4.0,456838,False,False,False,False,True,True,True,58,0,0,0,0.0,0.0,118,118th Congress (2023–2025),118
L000599,Michael Lawler,House,Republican,NY,17,NY-17,Representative,True,2023-01-03,2.0,456924,False,False,False,False,False,True,True,58,1,0,1,0.017241379310344827,0.017241379310344827,118,118th Congress (2023–2025),118
R000579,Patrick Ryan,House,Democratic,NY,18,NY-18,Representative,True,2022-09-13,2.3,456871,False,False,False,False,True,True,True,16,0,0,0,0.0,0.0,118,118th Congress (2023–2025),118
G000597,Andrew R. Garbarino,House,Republican,NY,2,NY-2,Representative,True,2021-01-03,4.0,456836,False,False,False,False,True,True,True,32,0,0,0,0.0,0.0,118,118th Congress (2023–2025),118
T000469,Paul Tonko,House,Democratic,NY,20,NY-20,Representative,True,2009-01-06,16.0,412319,True,True,True,True,True,True,True,25,0,0,0,0.0,0.0,118,118th Congress (2023–2025),118
S001196,Elise M. Stefanik,House,Republican,NY,21,NY-21,Representative,True,2015-01-06,10.0,412648,False,True,True,True,True,True,True,44,0,0,0,0.0,0.0,118,118th Congress (2023–2025),118
L000600,Nicholas A. Langworthy,House,Republican,NY,23,NY-23,Representative,True,2023-01-03,2.0,456927,False,False,False,False,False,True,True,27,1,0,1,0.037037037037037035,0.037037037037037035,118,118th Congress (2023–2025),118
T000478,Claudia Tenney,House,Republican,NY,24,NY-24,Representative,True,2017-01-03,8.0,412720,False,False,True,False,True,True,True,72,0,0,0,0.0,0.0,118,118th Congress (2023–2025),118
M001206,Joseph D. Morelle,House,Democratic,NY,25,NY-25,Representative,True,2018-11-13,6.1,412749,False,False,True,True,True,True,True,26,0,0,0,0.0,0.0,118,118th Congress (2023–2025),118
K000402,Timothy M. Kennedy,House,Democratic,NY,26,NY-26,Representative,True,2024-05-06,0.7,456957,False,False,False,False,False,True,True,4,0,0,0,0.0,0.0,118,118th Congress (2023–2025),118
S001201,Thomas R. Suozzi,House,Democratic,NY,3,NY-3,Representative,True,2017-01-03,8.0,412717,False,False,True,True,True,True,True,3,0,0,0,0.0,0.0,118,118th Congress (2023–2025),118
M001137,Gregory W. Meeks,House,Democratic,NY,5,NY-5,Representative,True,1997-01-07,28.0,400271,True,True,True,True,True,True,True,20,0,0,0,0.0,0.0,118,118th Congress (2023–2025),118
M001188,Grace Meng,House,Democratic,NY,6,NY-6,Representative,True,2013-01-03,12.0,412560,True,True,True,True,True,True,True,28,0,0,0,0.0,0.0,118,118th Congress (2023–2025),118
V000081,Nydia M. Velázquez,House,Democratic,NY,7,NY-7,Representative,True,1993-01-05,32.0,400416,True,True,True,True,True,True,True,41,0,0,0,0.0,0.0,118,118th Congress (2023–2025),118
J000294,Hakeem S. Jeffries,House,Democratic,NY,8,NY-8,Representative,True,2013-01-03,12.0,412561,True,True,True,True,True,True,True,3,0,0,0,0.0,0.0,118,118th Congress (2023–2025),118
C001067,Yvette D. Clarke,House,Democratic,NY,9,NY-9,Representative,True,2007-01-04,18.0,412221,True,True,True,True,True,True,True,22,0,0,0,0.0,0.0,118,118th Congress (2023–2025),118
L000601,Greg Landsman,House,Democratic,OH,1,OH-1,Representative,True,2023-01-03,2.0,456928,False,False,False,False,False,True,True,16,0,0,0,0.0,0.0,118,118th Congress (2023–2025),118
T000463,Michael R. Turner,House,Republican,OH,10,OH-10,Representative,True,2003-01-07,22.0,400411,True,True,True,True,True,True,True,14,0,1,1,0.07142857142857142,0.0,118,118th Congress (2023–2025),118
B001313,Shontel M. Brown,House,Democratic,OH,11,OH-11,Representative,True,2021-11-04,3.2,456863,False,False,False,False,True,True,True,10,0,0,0,0.0,0.0,118,118th Congress (2023–2025),118
B001306,Troy Balderson,House,Republican,OH,12,OH-12,Representative,True,2018-09-05,6.3,412747,False,False,True,True,True,True,True,17,0,0,0,0.0,0.0,118,118th Congress (2023–2025),118
S001223,Emilia Strong Sykes,House,Democratic,OH,13,OH-13,Representative,True,2023-01-03,2.0,456930,False,False,False,False,False,True,True,24,1,0,1,0.041666666666666664,0.041666666666666664,118,118th Congress (2023–2025),118
J000295,David P. Joyce,House,Republican,OH,14,OH-14,Representative,True,2013-01-03,12.0,412566,True,True,True,True,True,True,True,31,2,1,3,0.0967741935483871,0.06451612903225806,118,118th Congress (2023–2025),118
C001126,Mike Carey,House,Republican,OH,15,OH-15,Representative,True,2021-11-04,3.2,456864,False,False,False,False,True,True,True,28,1,1,2,0.07142857142857142,0.03571428571428571,118,118th Congress (2023–2025),118
B001281,Joyce Beatty,House,Democratic,OH,3,OH-3,Representative,True,2013-01-03,12.0,412565,True,True,True,True,True,True,True,21,0,0,0,0.0,0.0,118,118th Congress (2023–2025),118
J000289,Jim Jordan,House,Republican,OH,4,OH-4,Representative,True,2007-01-04,18.0,412226,True,True,True,True,True,True,True,1,0,0,0,0.0,0.0,118,118th Congress (2023–2025),118
L000566,Robert E. Latta,House,Republican,OH,5,OH-5,Representative,True,2007-12-13,17.1,412256,True,True,True,True,True,True,True,19,0,0,0,0.0,0.0,118,118th Congress (2023–2025),118
R000619,Michael A. Rulli,House,Republican,OH,6,OH-6,Representative,True,2024-06-11,0.6,456959,False,False,False,False,False,True,True,0,0,0,0,,,118,118th Congress (2023–2025),118
M001222,Max L. Miller,House,Republican,OH,7,OH-7,Representative,True,2023-01-03,2.0,456929,False,False,False,False,False,True,True,11,0,0,0,0.0,0.0,118,118th Congress (2023–2025),118
D000626,Warren Davidson,House,Republican,OH,8,OH-8,Representative,True,2016-06-09,8.6,412675,False,True,True,True,True,True,True,37,0,0,0,0.0,0.0,118,118th Congress (2023–2025),118
K000009,Marcy Kaptur,House,Democratic,OH,9,OH-9,Representative,True,1983-01-03,42.0,400211,True,True,True,True,True,True,True,11,0,0,0,0.0,0.0,118,118th Congress (2023–2025),118
H001082,Kevin Hern,House,Republican,OK,1,OK-1,Representative,True,2018-11-13,6.1,412748,False,False,True,True,True,True,True,19,0,0,0,0.0,0.0,118,118th Congress (2023–2025),118
B001317,Josh Brecheen,House,Republican,OK,2,OK-2,Representative,True,2023-01-03,2.0,456931,False,False,False,False,False,True,True,19,1,0,1,0.05263157894736842,0.05263157894736842,118,118th Congress (2023–2025),118
L000491,Frank D. Lucas,House,Republican,OK,3,OK-3,Representative,True,1993-05-10,31.7,400247,True,True,True,True,True,True,True,19,0,0,0,0.0,0.0,118,118th Congress (2023–2025),118
C001053,Tom Cole,House,Republican,OK,4,OK-4,Representative,True,2003-01-07,22.0,400077,True,True,True,True,True,True,True,20,2,0,2,0.1,0.1,118,118th Congress (2023–2025),118
B000740,Stephanie I. Bice,House,Republican,OK,5,OK-5,Representative,True,2021-01-03,4.0,456841,False,False,False,False,True,True,True,29,0,0,0,0.0,0.0,118,118th Congress (2023–2025),118
B001278,Suzanne Bonamici,House,Democratic,OR,1,OR-1,Representative,True,2012-02-07,12.9,412501,True,True,True,True,True,True,True,54,1,0,1,0.018518518518518517,0.018518518518518517,118,118th Congress (2023–2025),118
B000668,Cliff Bentz,House,Republican,OR,2,OR-2,Representative,True,2021-01-03,4.0,456842,False,False,False,False,True,True,True,7,1,0,1,0.14285714285714285,0.14285714285714285,118,118th Congress (2023–2025),118
H001094,Val T. Hoyle,House,Democratic,OR,4,OR-4,Representative,True,2023-01-03,2.0,456932,False,False,False,False,False,True,True,11,1,0,1,0.09090909090909091,0.09090909090909091,118,118th Congress (2023–2025),118
S001226,Andrea Salinas,House,Democratic,OR,6,OR-6,Representative,True,2023-01-03,2.0,456934,False,False,False,False,False,True,True,21,1,0,1,0.047619047619047616,0.047619047619047616,118,118th Congress (2023–2025),118
F000466,Brian K. Fitzpatrick,House,Republican,PA,1,PA-1,Representative,True,2017-01-03,8.0,412721,False,False,True,True,True,True,True,56,1,0,1,0.017857142857142856,0.017857142857142856,118,118th Congress (2023–2025),118
P000605,Scott Perry,House,Republican,PA,10,PA-10,Representative,True,2013-01-03,12.0,412569,True,True,True,True,True,True,True,39,0,0,0,0.0,0.0,118,118th Congress (2023–2025),118
S001199,Lloyd Smucker,House,Republican,PA,11,PA-11,Representative,True,2017-01-03,8.0,412722,False,False,True,True,True,True,True,29,0,0,0,0.0,0.0,118,118th Congress (2023–2025),118
L000602,Summer L. Lee,House,Democratic,PA,12,PA-12,Representative,True,2023-01-03,2.0,456935,False,False,False,False,False,True,True,18,1,0,1,0.05555555555555555,0.05555555555555555,118,118th Congress (2023–2025),118
J000302,John Joyce,House,Republican,PA,13,PA-13,Representative,True,2019-01-03,6.0,412812,False,False,False,True,True,True,True,17,0,1,1,0.058823529411764705,0.0,118,118th Congress (2023–2025),118
R000610,Guy Reschenthaler,House,Republican,PA,14,PA-14,Representative,True,2019-01-03,6.0,412813,False,False,False,True,True,True,True,11,0,0,0,0.0,0.0,118,118th Congress (2023–2025),118
T000467,Glenn Thompson,House,Republican,PA,15,PA-15,Representative,True,2009-01-06,16.0,412317,True,True,True,True,True,True,True,20,0,0,0,0.0,0.0,118,118th Congress (2023–2025),118
K000376,Mike Kelly,House,Republican,PA,16,PA-16,Representative,True,2011-01-05,14.0,412465,True,True,True,True,True,True,True,31,1,1,2,0.06451612903225806,0.03225806451612903,118,118th Congress (2023–2025),118
D000530,Christopher R. Deluzio,House,Democratic,PA,17,PA-17,Representative,True,2023-01-03,2.0,456936,False,False,False,False,False,True,True,22,0,0,0,0.0,0.0,118,118th Congress (2023–2025),118
B001296,Brendan F. Boyle,House,Democratic,PA,2,PA-2,Representative,True,2015-01-06,10.0,412652,False,True,True,True,True,True,True,12,2,0,2,0.16666666666666666,0.16666666666666666,118,118th Congress (2023–2025),118
E000296,Dwight Evans,House,Democratic,PA,3,PA-3,Representative,True,2016-11-14,8.1,412677,False,True,True,True,True,True,True,8,0,0,0,0.0,0.0,118,118th Congress (2023–2025),118
D000631,Madeleine Dean,House,Democratic,PA,4,PA-4,Representative,True,2019-01-03,6.0,412809,False,False,False,True,True,True,True,25,0,0,0,0.0,0.0,118,118th Congress (2023–2025),118
S001205,Mary Gay Scanlon,House,Democratic,PA,5,PA-5,Representative,True,2018-11-13,6.1,412750,False,False,True,True,True,True,True,12,0,0,0,0.0,0.0,118,118th Congress (2023–2025),118
H001085,Chrissy Houlahan,House,Democratic,PA,6,PA-6,Representative,True,2019-01-03,6.0,412810,False,False,False,True,True,True,True,24,0,0,0,0.0,0.0,118,118th Congress (2023–2025),118
M001204,Daniel Meuser,House,Republican,PA,9,PA-9,Representative,True,2019-01-03,6.0,412811,False,False,False,True,True,True,True,28,1,0,1,0.03571428571428571,0.03571428571428571,118,118th Congress (2023–2025),118
A000380,Gabe Amo,House,Democratic,RI,1,RI-1,Representative,True,2023-11-07,1.2,456955,False,False,False,False,False,True,True,3,0,0,0,0.0,0.0,118,118th Congress (2023–2025),118
M001223,Seth Magaziner,House,Democratic,RI,2,RI-2,Representative,True,2023-01-03,2.0,456937,False,False,False,False,False,True,True,19,0,0,0,0.0,0.0,118,118th Congress (2023–2025),118
M000194,Nancy Mace,House,Republican,SC,1,SC-1,Representative,True,2021-01-03,4.0,456843,False,False,False,False,True,True,True,65,0,0,0,0.0,0.0,118,118th Congress (2023–2025),118
W000795,Joe Wilson,House,Republican,SC,2,SC-2,Representative,True,2001-12-18,23.0,400433,True,True,True,True,True,True,True,18,0,0,0,0.0,0.0,118,118th Congress (2023–2025),118
T000480,William R. Timmons IV,House,Republican,SC,4,SC-4,Representative,True,2019-01-03,6.0,412815,False,False,False,True,True,True,True,12,0,0,0,0.0,0.0,118,118th Congress (2023–2025),118
N000190,Ralph Norman,House,Republican,SC,5,SC-5,Representative,True,2017-06-26,7.5,412738,False,False,True,True,True,True,True,21,0,1,1,0.047619047619047616,0.0,118,118th Congress (2023–2025),118
C000537,James E. Clyburn,House,Democratic,SC,6,SC-6,Representative,True,1993-01-05,32.0,400075,True,True,True,True,True,True,True,7,0,0,0,0.0,0.0,118,118th Congress (2023–2025),118
F000478,Russell Fry,House,Republican,SC,7,SC-7,Representative,True,2023-01-03,2.0,456938,False,False,False,False,False,True,True,9,2,0,2,0.2222222222222222,0.2222222222222222,118,118th Congress (2023–2025),118
J000301,Dusty Johnson,House,Republican,SD,At-Large,SD-AL,Representative,True,2019-01-03,6.0,412816,False,False,False,True,True,True,True,32,0,0,0,0.0,0.0,118,118th Congress (2023–2025),118
H001086,Diana Harshbarger,House,Republican,TN,1,TN-1,Representative,True,2021-01-03,4.0,456844,False,False,False,False,True,True,True,24,0,0,0,0.0,0.0,118,118th Congress (2023–2025),118
B001309,Tim Burchett,House,Republican,TN,2,TN-2,Representative,True,2019-01-03,6.0,412817,False,False,False,True,True,True,True,26,0,1,1,0.038461538461538464,0.0,118,118th Congress (2023–2025),118
F000459,"Charles J. ""Chuck"" Fleischmann",House,Republican,TN,3,TN-3,Representative,True,2011-01-05,14.0,412476,True,True,True,True,True,True,True,8,0,0,0,0.0,0.0,118,118th Congress (2023–2025),118
D000616,Scott DesJarlais,House,Republican,TN,4,TN-4,Representative,True,2011-01-05,14.0,412477,True,True,True,True,True,True,True,4,0,0,0,0.0,0.0,118,118th Congress (2023–2025),118
O000175,Andrew Ogles,House,Republican,TN,5,TN-5,Representative,True,2023-01-03,2.0,456939,False,False,False,False,False,True,True,67,0,0,0,0.0,0.0,118,118th Congress (2023–2025),118
R000612,John W. Rose,House,Republican,TN,6,TN-6,Representative,True,2019-01-03,6.0,412818,False,False,False,True,True,True,True,11,0,0,0,0.0,0.0,118,118th Congress (2023–2025),118
K000392,David Kustoff,House,Republican,TN,8,TN-8,Representative,True,2017-01-03,8.0,412724,False,False,True,True,True,True,True,22,0,0,0,0.0,0.0,118,118th Congress (2023–2025),118
C001068,Steve Cohen,House,Democratic,TN,9,TN-9,Representative,True,2007-01-04,18.0,412236,True,True,True,True,True,True,True,55,1,0,1,0.01818181818181818,0.01818181818181818,118,118th Congress (2023–2025),118
M001224,Nathaniel Moran,House,Republican,TX,1,TX-1,Representative,True,2023-01-03,2.0,456940,False,False,False,False,False,True,True,18,0,0,0,0.0,0.0,118,118th Congress (2023–2025),118
M001157,Michael T. McCaul,House,Republican,TX,10,TX-10,Representative,True,2005-01-04,20.0,400654,True,True,True,True,True,True,True,23,0,1,1,0.043478260869565216,0.0,118,118th Congress (2023–2025),118
P000048,August Pfluger,House,Republican,TX,11,TX-11,Representative,True,2021-01-03,4.0,456846,False,False,False,False,True,True,True,61,0,0,0,0.0,0.0,118,118th Congress (2023–2025),118
J000304,Ronny Jackson,House,Republican,TX,13,TX-13,Representative,True,2021-01-03,4.0,456847,False,False,False,False,True,True,True,25,0,0,0,0.0,0.0,118,118th Congress (2023–2025),118
W000814,"Randy K. Weber, Sr.",House,Republican,TX,14,TX-14,Representative,True,2013-01-03,12.0,412574,True,True,True,True,True,True,True,16,0,0,0,0.0,0.0,118,118th Congress (2023–2025),118
D000594,Monica De La Cruz,House,Republican,TX,15,TX-15,Representative,True,2023-01-03,2.0,456943,False,False,False,False,False,True,True,28,1,0,1,0.03571428571428571,0.03571428571428571,118,118th Congress (2023–2025),118
E000299,Veronica Escobar,House,Democratic,TX,16,TX-16,Representative,True,2019-01-03,6.0,412825,False,False,False,True,True,True,True,15,0,0,0,0.0,0.0,118,118th Congress (2023–2025),118
S000250,Pete Sessions,House,Republican,TX,17,TX-17,Representative,True,1997-01-07,28.0,400367,True,True,True,False,True,True,True,12,1,0,1,0.08333333333333333,0.08333333333333333,118,118th Congress (2023–2025),118
A000375,Jodey C. Arrington,House,Republican,TX,19,TX-19,Representative,True,2017-01-03,8.0,412726,False,False,True,True,True,True,True,49,0,1,1,0.02040816326530612,0.0,118,118th Congress (2023–2025),118
C001120,Dan Crenshaw,House,Republican,TX,2,TX-2,Representative,True,2019-01-03,6.0,412820,False,False,False,True,True,True,True,24,0,0,0,0.0,0.0,118,118th Congress (2023–2025),118
C001091,Joaquin Castro,House,Democratic,TX,20,TX-20,Representative,True,2013-01-03,12.0,412576,True,True,True,True,True,True,True,30,0,0,0,0.0,0.0,118,118th Congress (2023–2025),118
R000614,Chip Roy,House,Republican,TX,21,TX-21,Representative,True,2019-01-03,6.0,412826,False,False,False,True,True,True,True,42,0,0,0,0.0,0.0,118,118th Congress (2023–2025),118
N000026,Troy E. Nehls,House,Republican,TX,22,TX-22,Representative,True,2021-01-03,4.0,456848,False,False,False,False,True,True,True,31,0,0,0,0.0,0.0,118,118th Congress (2023–2025),118
V000134,Beth Van Duyne,House,Republican,TX,24,TX-24,Representative,True,2021-01-03,4.0,456850,False,False,False,False,True,True,True,32,0,0,0,0.0,0.0,118,118th Congress (2023–2025),118
W000816,Roger Williams,House,Republican,TX,25,TX-25,Representative,True,2013-01-03,12.0,412578,True,True,True,True,True,True,True,23,0,0,0,0.0,0.0,118,118th Congress (2023–2025),118
C001115,Michael Cloud,House,Republican,TX,27,TX-27,Representative,True,2018-07-10,6.5,412746,False,False,True,True,True,True,True,16,1,0,1,0.0625,0.0625,118,118th Congress (2023–2025),118
C001063,Henry Cuellar,House,Democratic,TX,28,TX-28,Representative,True,2005-01-04,20.0,400657,True,True,True,True,True,True,True,11,1,1,2,0.18181818181818182,0.09090909090909091,118,118th Congress (2023–2025),118
G000587,Sylvia R. Garcia,House,Democratic,TX,29,TX-29,Representative,True,2019-01-03,6.0,412827,False,False,False,True,True,True,True,17,0,0,0,0.0,0.0,118,118th Congress (2023–2025),118
S001224,Keith Self,House,Republican,TX,3,TX-3,Representative,True,2023-01-03,2.0,456941,False,False,False,False,False,True,True,23,1,0,1,0.043478260869565216,0.043478260869565216,118,118th Congress (2023–2025),118
C001130,Jasmine Crockett,House,Democratic,TX,30,TX-30,Representative,True,2023-01-03,2.0,456944,False,False,False,False,False,True,True,15,0,0,0,0.0,0.0,118,118th Congress (2023–2025),118
C001051,John R. Carter,House,Republican,TX,31,TX-31,Representative,True,2003-01-07,22.0,400068,True,True,True,True,True,True,True,9,1,0,1,0.1111111111111111,0.1111111111111111,118,118th Congress (2023–2025),118
V000131,Marc A. Veasey,House,Democratic,TX,33,TX-33,Representative,True,2013-01-03,12.0,412579,True,True,True,True,True,True,True,6,0,0,0,0.0,0.0,118,118th Congress (2023–2025),118
G000581,Vicente Gonzalez,House,Democratic,TX,34,TX-34,Representative,True,2017-01-03,8.0,412725,False,False,True,True,True,True,True,7,1,0,1,0.14285714285714285,0.14285714285714285,118,118th Congress (2023–2025),118
C001131,Greg Casar,House,Democratic,TX,35,TX-35,Representative,True,2023-01-03,2.0,456945,False,False,False,False,False,True,True,6,0,0,0,0.0,0.0,118,118th Congress (2023–2025),118
B001291,Brian Babin,House,Republican,TX,36,TX-36,Representative,True,2015-01-06,10.0,412655,False,True,True,True,True,True,True,11,0,0,0,0.0,0.0,118,118th Congress (2023–2025),118
D000399,Lloyd Doggett,House,Democratic,TX,37,TX-37,Representative,True,1995-01-04,30.0,400111,True,True,True,True,True,True,True,21,0,0,0,0.0,0.0,118,118th Congress (2023–2025),118
H001095,Wesley Hunt,House,Republican,TX,38,TX-38,Representative,True,2023-01-03,2.0,456946,False,False,False,False,False,True,True,8,1,1,2,0.25,0.125,118,118th Congress (2023–2025),118
F000246,Pat Fallon,House,Republican,TX,4,TX-4,Representative,True,2021-01-03,4.0,456845,False,False,False,False,True,True,True,20,0,0,0,0.0,0.0,118,118th Congress (2023–2025),118
G000589,Lance Gooden,House,Republican,TX,5,TX-5,Representative,True,2019-01-03,6.0,412822,False,False,False,True,True,True,True,15,0,1,1,0.06666666666666667,0.0,118,118th Congress (2023–2025),118
E000071,Jake Ellzey,House,Republican,TX,6,TX-6,Representative,True,2021-07-30,3.4,456862,False,False,False,False,True,True,True,2,0,0,0,0.0,0.0,118,118th Congress (2023–2025),118
F000468,Lizzie Fletcher,House,Democratic,TX,7,TX-7,Representative,True,2019-01-03,6.0,412824,False,False,False,True,True,True,True,10,0,0,0,0.0,0.0,118,118th Congress (2023–2025),118
L000603,Morgan Luttrell,House,Republican,TX,8,TX-8,Representative,True,2023-01-03,2.0,456942,False,False,False,False,False,True,True,20,1,1,2,0.1,0.05,118,118th Congress (2023–2025),118
G000553,Al Green,House,Democratic,TX,9,TX-9,Representative,True,2005-01-04,20.0,400653,True,True,True,True,True,True,True,22,0,0,0,0.0,0.0,118,118th Congress (2023–2025),118
M001213,Blake D. Moore,House,Republican,UT,1,UT-1,Representative,True,2021-01-03,4.0,456851,False,False,False,False,True,True,True,26,0,0,0,0.0,0.0,118,118th Congress (2023–2025),118
M001228,Celeste Maloy,House,Republican,UT,2,UT-2,Representative,True,2023-11-21,1.1,456956,False,False,False,False,False,True,True,16,2,0,2,0.125,0.125,118,118th Congress (2023–2025),118
O000086,Burgess Owens,House,Republican,UT,4,UT-4,Representative,True,2021-01-03,4.0,456852,False,False,False,False,True,True,True,16,2,0,2,0.125,0.125,118,118th Congress (2023–2025),118
W000804,Robert J. Wittman,House,Republican,VA,1,VA-1,Representative,True,2007-12-13,17.1,412255,True,True,True,True,True,True,True,28,0,1,1,0.03571428571428571,0.0,118,118th Congress (2023–2025),118
K000399,Jennifer A. Kiggans,House,Republican,VA,2,VA-2,Representative,True,2023-01-03,2.0,456947,False,False,False,False,False,True,True,20,1,1,2,0.1,0.05,118,118th Congress (2023–2025),118
S000185,"Robert C. ""Bobby"" Scott",House,Democratic,VA,3,VA-3,Representative,True,1993-01-05,32.0,400364,True,True,True,True,True,True,True,18,0,0,0,0.0,0.0,118,118th Congress (2023–2025),118
M001227,Jennifer L. McClellan,House,Democratic,VA,4,VA-4,Representative,True,2023-03-07,1.8,456953,False,False,False,False,False,True,True,18,1,0,1,0.05555555555555555,0.05555555555555555,118,118th Congress (2023–2025),118
C001118,Ben Cline,House,Republican,VA,6,VA-6,Representative,True,2019-01-03,6.0,412832,False,False,False,True,True,True,True,13,0,0,0,0.0,0.0,118,118th Congress (2023–2025),118
B001292,"Donald S. Beyer, Jr.",House,Democratic,VA,8,VA-8,Representative,True,2015-01-06,10.0,412657,False,True,True,True,True,True,True,42,0,0,0,0.0,0.0,118,118th Congress (2023–2025),118
G000568,H. Morgan Griffith,House,Republican,VA,9,VA-9,Representative,True,2011-01-05,14.0,412485,True,True,True,True,True,True,True,33,0,0,0,0.0,0.0,118,118th Congress (2023–2025),118
P000610,Stacey E. Plaskett,House,Democratic,VI,At-Large,VI-AL,Delegate/Resident Commissioner,False,2015-01-06,10.0,412659,False,True,True,True,True,True,True,27,0,0,0,0.0,0.0,118,118th Congress (2023–2025),118
B001318,Becca Balint,House,Democratic,VT,At-Large,VT-AL,Representative,True,2023-01-03,2.0,456948,False,False,False,False,False,True,True,18,0,0,0,0.0,0.0,118,118th Congress (2023–2025),118
D000617,Suzan K. DelBene,House,Democratic,WA,1,WA-1,Representative,True,2012-11-13,12.1,412505,True,True,True,True,True,True,True,17,0,0,0,0.0,0.0,118,118th Congress (2023–2025),118
S001159,Marilyn Strickland,House,Democratic,WA,10,WA-10,Representative,True,2021-01-03,4.0,456854,False,False,False,False,True,True,True,16,0,0,0,0.0,0.0,118,118th Congress (2023–2025),118
L000560,Rick Larsen,House,Democratic,WA,2,WA-2,Representative,True,2001-01-03,24.0,400232,True,True,True,True,True,True,True,16,0,0,0,0.0,0.0,118,118th Congress (2023–2025),118
G000600,Marie Gluesenkamp Perez,House,Democratic,WA,3,WA-3,Representative,True,2023-01-03,2.0,456949,False,False,False,False,False,True,True,29,1,0,1,0.034482758620689655,0.034482758620689655,118,118th Congress (2023–2025),118
N000189,Dan Newhouse,House,Republican,WA,4,WA-4,Representative,True,2015-01-06,10.0,412660,False,True,True,True,True,True,True,33,0,0,0,0.0,0.0,118,118th Congress (2023–2025),118
J000298,Pramila Jayapal,House,Democratic,WA,7,WA-7,Representative,True,2017-01-03,8.0,412730,False,False,True,True,True,True,True,28,0,0,0,0.0,0.0,118,118th Congress (2023–2025),118
S001216,Kim Schrier,House,Democratic,WA,8,WA-8,Representative,True,2019-01-03,6.0,412835,False,False,False,True,True,True,True,25,0,0,0,0.0,0.0,118,118th Congress (2023–2025),118
S000510,Adam Smith,House,Democratic,WA,9,WA-9,Representative,True,1997-01-07,28.0,400379,True,True,True,True,True,True,True,18,0,0,0,0.0,0.0,118,118th Congress (2023–2025),118
S001213,Bryan Steil,House,Republican,WI,1,WI-1,Representative,True,2019-01-03,6.0,412836,False,False,False,True,True,True,True,23,1,2,3,0.13043478260869565,0.043478260869565216,118,118th Congress (2023–2025),118
P000607,Mark Pocan,House,Democratic,WI,2,WI-2,Representative,True,2013-01-03,12.0,412585,True,True,True,True,True,True,True,14,0,0,0,0.0,0.0,118,118th Congress (2023–2025),118
V000135,Derrick Van Orden,House,Republican,WI,3,WI-3,Representative,True,2023-01-03,2.0,456950,False,False,False,False,False,True,True,28,0,0,0,0.0,0.0,118,118th Congress (2023–2025),118
M001160,Gwen Moore,House,Democratic,WI,4,WI-4,Representative,True,2005-01-04,20.0,400661,True,True,True,True,True,True,True,17,0,0,0,0.0,0.0,118,118th Congress (2023–2025),118
F000471,Scott Fitzgerald,House,Republican,WI,5,WI-5,Representative,True,2021-01-03,4.0,456855,False,False,False,False,True,True,True,25,1,0,1,0.04,0.04,118,118th Congress (2023–2025),118
G000576,Glenn Grothman,House,Republican,WI,6,WI-6,Representative,True,2015-01-06,10.0,412661,False,True,True,True,True,True,True,31,1,1,2,0.06451612903225806,0.03225806451612903,118,118th Congress (2023–2025),118
T000165,Thomas P. Tiffany,House,Republican,WI,7,WI-7,Representative,True,2020-05-19,4.6,456791,False,False,False,True,True,True,True,22,1,0,1,0.045454545454545456,0.045454545454545456,118,118th Congress (2023–2025),118
W000829,Tony Wied,House,Republican,WI,8,WI-8,Representative,True,2024-11-05,0.2,456963,False,False,False,False,False,True,True,0,0,0,0,,,118,118th Congress (2023–2025),118
M001205,Carol D. Miller,House,Republican,WV,1,WV-1,Representative,True,2019-01-03,6.0,412837,False,False,False,True,True,True,True,37,0,0,0,0.0,0.0,118,118th Congress (2023–2025),118
H001096,Harriet M. Hageman,House,Republican,WY,At-Large,WY-AL,Representative,True,2023-01-03,2.0,456951,False,False,False,False,False,True,True,41,0,1,1,0.024390243902439025,0.0,118,118th Congress (2023–2025),118
S001198,Dan Sullivan,Senate,Republican,AK,,AK,Senator,True,2015-01-06,10.0,412665,False,True,True,True,True,True,True,62,0,0,0,0.0,0.0,118,118th Congress (2023–2025),118
M001153,Lisa Murkowski,Senate,Republican,AK,,AK,Senator,True,2003-01-07,22.0,300075,True,True,True,True,True,True,True,35,0,0,0,0.0,0.0,118,118th Congress (2023–2025),118
B001319,Katie Boyd Britt,Senate,Republican,AL,,AL,Senator,True,2023-01-03,2.0,456874,False,False,False,False,False,True,True,14,0,0,0,0.0,0.0,118,118th Congress (2023–2025),118
T000278,Tommy Tuberville,Senate,Republican,AL,,AL,Senator,True,2021-01-03,4.0,456796,False,False,False,False,True,True,True,20,0,0,0,0.0,0.0,118,118th Congress (2023–2025),118
B001236,John Boozman,Senate,Republican,AR,,AR,Senator,True,2001-11-29,23.1,400040,True,True,True,True,True,True,True,11,1,0,1,0.09090909090909091,0.09090909090909091,118,118th Congress (2023–2025),118
C001095,Tom Cotton,Senate,Republican,AR,,AR,Senator,True,2013-01-03,12.0,412508,True,True,True,True,True,True,True,68,0,0,0,0.0,0.0,118,118th Congress (2023–2025),118
K000377,Mark Kelly,Senate,Democratic,AZ,,AZ,Senator,True,2020-12-02,4.1,456794,False,False,False,True,True,True,True,38,1,1,2,0.05263157894736842,0.02631578947368421,118,118th Congress (2023–2025),118
G000574,Ruben Gallego,Senate,Democratic,AZ,,AZ,Senator,True,2015-01-06,10.0,412612,False,True,True,True,True,True,True,42,1,0,1,0.023809523809523808,0.023809523809523808,118,118th Congress (2023–2025),118
S001150,Adam B. Schiff,Senate,Democratic,CA,,CA,Senator,True,2001-01-03,24.0,400361,True,True,True,True,True,True,True,64,0,0,0,0.0,0.0,118,118th Congress (2023–2025),118
P000145,Alex Padilla,Senate,Democratic,CA,,CA,Senator,True,2021-01-20,4.0,456856,False,False,False,False,True,True,True,91,2,0,2,0.02197802197802198,0.02197802197802198,118,118th Congress (2023–2025),118
H000273,John W. Hickenlooper,Senate,Democratic,CO,,CO,Senator,True,2021-01-03,4.0,456797,False,False,False,False,True,True,True,46,0,1,1,0.021739130434782608,0.0,118,118th Congress (2023–2025),118
B001267,Michael F. Bennet,Senate,Democratic,CO,,CO,Senator,True,2009-01-22,15.9,412330,True,True,True,True,True,True,True,64,0,1,1,0.015625,0.0,118,118th Congress (2023–2025),118
M001169,Christopher Murphy,Senate,Democratic,CT,,CT,Senator,True,2007-01-04,18.0,412194,True,True,True,True,True,True,True,40,0,0,0,0.0,0.0,118,118th Congress (2023–2025),118
B001277,Richard Blumenthal,Senate,Democratic,CT,,CT,Senator,True,2011-01-05,14.0,412490,True,True,True,True,True,True,True,88,0,1,1,0.011363636363636364,0.0,118,118th Congress (2023–2025),118
C001088,Christopher A. Coons,Senate,Democratic,DE,,DE,Senator,True,2010-11-15,14.1,412390,True,True,True,True,True,True,True,58,1,1,2,0.034482758620689655,0.017241379310344827,118,118th Congress (2023–2025),118
B001303,Lisa Blunt Rochester,Senate,Democratic,DE,,DE,Senator,True,2017-01-03,8.0,412689,False,False,True,True,True,True,True,26,0,0,0,0.0,0.0,118,118th Congress (2023–2025),118
S001217,Rick Scott,Senate,Republican,FL,,FL,Senator,True,2019-01-08,6.0,412838,False,False,False,True,True,True,True,98,3,1,4,0.04081632653061224,0.030612244897959183,118,118th Congress (2023–2025),118
O000174,Jon Ossoff,Senate,Democratic,GA,,GA,Senator,True,2021-01-20,4.0,456857,False,False,False,False,True,True,True,70,0,2,2,0.02857142857142857,0.0,118,118th Congress (2023–2025),118
W000790,Raphael G. Warnock,Senate,Democratic,GA,,GA,Senator,True,2021-01-20,4.0,456858,False,False,False,False,True,True,True,28,1,0,1,0.03571428571428571,0.03571428571428571,118,118th Congress (2023–2025),118
S001194,Brian Schatz,Senate,Democratic,HI,,HI,Senator,True,2012-12-27,12.0,412507,True,True,True,True,True,True,True,63,0,0,0,0.0,0.0,118,118th Congress (2023–2025),118
H001042,Mazie K. Hirono,Senate,Democratic,HI,,HI,Senator,True,2007-01-04,18.0,412200,True,True,True,True,True,True,True,51,0,1,1,0.0196078431372549,0.0,118,118th Congress (2023–2025),118
G000386,Chuck Grassley,Senate,Republican,IA,,IA,Senator,True,1975-01-14,50.0,300048,True,True,True,True,True,True,True,59,1,0,1,0.01694915254237288,0.01694915254237288,118,118th Congress (2023–2025),118
E000295,Joni Ernst,Senate,Republican,IA,,IA,Senator,True,2015-01-06,10.0,412667,False,True,True,True,True,True,True,69,0,0,0,0.0,0.0,118,118th Congress (2023–2025),118
R000584,James E. Risch,Senate,Republican,ID,,ID,Senator,True,2009-01-06,16.0,412322,True,True,True,True,True,True,True,51,0,0,0,0.0,0.0,118,118th Congress (2023–2025),118
C000880,Mike Crapo,Senate,Republican,ID,,ID,Senator,True,1993-01-05,32.0,300030,True,True,True,True,True,True,True,14,0,0,0,0.0,0.0,118,118th Congress (2023–2025),118
D000563,Richard J. Durbin,Senate,Democratic,IL,,IL,Senator,True,1983-01-03,42.0,300038,True,True,True,True,True,True,True,114,2,1,3,0.02631578947368421,0.017543859649122806,118,118th Congress (2023–2025),118
D000622,Tammy Duckworth,Senate,Democratic,IL,,IL,Senator,True,2013-01-03,12.0,412533,True,True,True,True,True,True,True,54,1,0,1,0.018518518518518517,0.018518518518518517,118,118th Congress (2023–2025),118
B001299,Jim Banks,Senate,Republican,IN,,IN,Senator,True,2017-01-03,8.0,412702,False,False,True,True,True,True,True,44,0,0,0,0.0,0.0,118,118th Congress (2023–2025),118
Y000064,Todd Young,Senate,Republican,IN,,IN,Senator,True,2011-01-05,14.0,412428,True,True,True,True,True,True,True,33,0,1,1,0.030303030303030304,0.0,118,118th Congress (2023–2025),118
M000934,Jerry Moran,Senate,Republican,KS,,KS,Senator,True,1997-01-07,28.0,400284,True,True,True,True,True,True,True,44,2,0,2,0.045454545454545456,0.045454545454545456,118,118th Congress (2023–2025),118
M001198,Roger Marshall,Senate,Republican,KS,,KS,Senator,True,2017-01-03,8.0,412704,False,False,True,True,True,True,True,65,0,0,0,0.0,0.0,118,118th Congress (2023–2025),118
M000355,Mitch McConnell,Senate,Republican,KY,,KY,Senator,True,1985-01-03,40.0,300072,True,True,True,True,True,True,True,7,0,0,0,0.0,0.0,118,118th Congress (2023–2025),118
P000603,Rand Paul,Senate,Republican,KY,,KY,Senator,True,2011-01-05,14.0,412492,True,True,True,True,True,True,True,47,0,0,0,0.0,0.0,118,118th Congress (2023–2025),118
C001075,Bill Cassidy,Senate,Republican,LA,,LA,Senator,True,2009-01-06,16.0,412269,True,True,True,True,True,True,True,83,0,3,3,0.03614457831325301,0.0,118,118th Congress (2023–2025),118
K000393,John Kennedy,Senate,Republican,LA,,LA,Senator,True,2017-01-03,8.0,412679,False,False,True,True,True,True,True,80,1,0,1,0.0125,0.0125,118,118th Congress (2023–2025),118
M000133,Edward J. Markey,Senate,Democratic,MA,,MA,Senator,True,1975-01-14,50.0,400253,True,True,True,True,True,True,True,130,0,1,1,0.007692307692307693,0.0,118,118th Congress (2023–2025),118
W000817,Elizabeth Warren,Senate,Democratic,MA,,MA,Senator,True,2013-01-03,12.0,412542,True,True,True,True,True,True,True,78,0,0,0,0.0,0.0,118,118th Congress (2023–2025),118
V000128,Chris Van Hollen,Senate,Democratic,MD,,MD,Senator,True,2003-01-07,22.0,400415,True,True,True,True,True,True,True,49,0,0,0,0.0,0.0,118,118th Congress (2023–2025),118
K000383,"Angus S. King, Jr.",Senate,Independent,ME,,ME,Senator,True,2013-01-03,12.0,412545,True,True,True,True,True,True,True,42,0,0,0,0.0,0.0,118,118th Congress (2023–2025),118
C001035,Susan M. Collins,Senate,Republican,ME,,ME,Senator,True,1997-01-07,28.0,300025,True,True,True,True,True,True,True,27,2,0,2,0.07407407407407407,0.07407407407407407,118,118th Congress (2023–2025),118
S001208,Elissa Slotkin,Senate,Democratic,MI,,MI,Senator,True,2019-01-03,6.0,412784,False,False,False,True,True,True,True,61,0,0,0,0.0,0.0,118,118th Congress (2023–2025),118
P000595,Gary C. Peters,Senate,Democratic,MI,,MI,Senator,True,2009-01-06,16.0,412305,True,True,True,True,True,True,True,152,15,1,16,0.10526315789473684,0.09868421052631579,118,118th Congress (2023–2025),118
K000367,Amy Klobuchar,Senate,Democratic,MN,,MN,Senator,True,2007-01-04,18.0,412242,True,True,True,True,True,True,True,116,3,1,4,0.034482758620689655,0.02586206896551724,118,118th Congress (2023–2025),118
S001203,Tina Smith,Senate,Democratic,MN,,MN,Senator,True,2018-01-03,7.0,412742,False,False,True,True,True,True,True,61,0,0,0,0.0,0.0,118,118th Congress (2023–2025),118
S001227,Eric Schmitt,Senate,Republican,MO,,MO,Senator,True,2023-01-03,2.0,456875,False,False,False,False,False,True,True,27,1,1,2,0.07407407407407407,0.037037037037037035,118,118th Congress (2023–2025),118
H001089,Josh Hawley,Senate,Republican,MO,,MO,Senator,True,2019-01-03,6.0,412840,False,False,False,True,True,True,True,45,1,0,1,0.022222222222222223,0.022222222222222223,118,118th Congress (2023–2025),118
H001079,Cindy Hyde-Smith,Senate,Republican,MS,,MS,Senator,True,2018-04-09,6.7,412743,False,False,True,True,True,True,True,18,0,0,0,0.0,0.0,118,118th Congress (2023–2025),118
W000437,Roger F. Wicker,Senate,Republican,MS,,MS,Senator,True,1995-01-04,30.0,400432,True,True,True,True,True,True,True,26,1,0,1,0.038461538461538464,0.038461538461538464,118,118th Congress (2023–2025),118
D000618,Steve Daines,Senate,Republican,MT,,MT,Senator,True,2013-01-03,12.0,412549,True,True,True,True,True,True,True,50,1,1,2,0.04,0.02,118,118th Congress (2023–2025),118
B001305,Ted Budd,Senate,Republican,NC,,NC,Senator,True,2017-01-03,8.0,412712,False,False,True,True,True,True,True,35,0,0,0,0.0,0.0,118,118th Congress (2023–2025),118
T000476,Thom Tillis,Senate,Republican,NC,,NC,Senator,True,2015-01-06,10.0,412668,False,True,True,True,True,True,True,41,0,0,0,0.0,0.0,118,118th Congress (2023–2025),118
H001061,John Hoeven,Senate,Republican,ND,,ND,Senator,True,2011-01-05,14.0,412494,True,True,True,True,True,True,True,20,0,0,0,0.0,0.0,118,118th Congress (2023–2025),118
C001096,Kevin Cramer,Senate,Republican,ND,,ND,Senator,True,2013-01-03,12.0,412555,True,True,True,True,True,True,True,16,0,0,0,0.0,0.0,118,118th Congress (2023–2025),118
F000463,Deb Fischer,Senate,Republican,NE,,NE,Senator,True,2013-01-03,12.0,412556,True,True,True,True,True,True,True,34,3,1,4,0.11764705882352941,0.08823529411764706,118,118th Congress (2023–2025),118
R000618,Pete Ricketts,Senate,Republican,NE,,NE,Senator,True,2023-01-23,1.9,456952,False,False,False,False,False,True,True,24,0,1,1,0.041666666666666664,0.0,118,118th Congress (2023–2025),118
S001181,Jeanne Shaheen,Senate,Democratic,NH,,NH,Senator,True,2009-01-06,16.0,412323,True,True,True,True,True,True,True,73,0,1,1,0.0136986301369863,0.0,118,118th Congress (2023–2025),118
H001076,Margaret Wood Hassan,Senate,Democratic,NH,,NH,Senator,True,2017-01-03,8.0,412680,False,False,True,True,True,True,True,53,0,1,1,0.018867924528301886,0.0,118,118th Congress (2023–2025),118
K000394,Andy Kim,Senate,Democratic,NJ,,NJ,Senator,True,2019-01-03,6.0,412797,False,False,False,True,True,True,True,25,0,0,0,0.0,0.0,118,118th Congress (2023–2025),118
B001288,Cory A. Booker,Senate,Democratic,NJ,,NJ,Senator,True,2013-10-31,11.2,412598,True,True,True,True,True,True,True,135,0,0,0,0.0,0.0,118,118th Congress (2023–2025),118
L000570,Ben Ray Luján,Senate,Democratic,NM,,NM,Senator,True,2009-01-06,16.0,412293,True,True,True,True,True,True,True,66,0,0,0,0.0,0.0,118,118th Congress (2023–2025),118
H001046,Martin Heinrich,Senate,Democratic,NM,,NM,Senator,True,2009-01-06,16.0,412281,True,True,True,True,True,True,True,64,2,0,2,0.03125,0.03125,118,118th Congress (2023–2025),118
C001113,Catherine Cortez Masto,Senate,Democratic,NV,,NV,Senator,True,2017-01-03,8.0,412681,False,False,True,True,True,True,True,90,1,3,4,0.044444444444444446,0.011111111111111112,118,118th Congress (2023–2025),118
R000608,Jacky Rosen,Senate,Democratic,NV,,NV,Senator,True,2017-01-03,8.0,412715,False,False,True,True,True,True,True,56,2,0,2,0.03571428571428571,0.03571428571428571,118,118th Congress (2023–2025),118
S000148,Charles E. Schumer,Senate,Democratic,NY,,NY,Senator,True,1981-01-05,44.0,300087,True,True,True,True,True,True,True,6,0,0,0,0.0,0.0,118,118th Congress (2023–2025),118
G000555,Kirsten E. Gillibrand,Senate,Democratic,NY,,NY,Senator,True,2007-01-04,18.0,412223,True,True,True,True,True,True,True,68,1,0,1,0.014705882352941176,0.014705882352941176,118,118th Congress (2023–2025),118
L000575,James Lankford,Senate,Republican,OK,,OK,Senator,True,2011-01-05,14.0,412464,True,True,True,True,True,True,True,56,2,0,2,0.03571428571428571,0.03571428571428571,118,118th Congress (2023–2025),118
M001176,Jeff Merkley,Senate,Democratic,OR,,OR,Senator,True,2009-01-06,16.0,412325,True,True,True,True,True,True,True,84,2,1,3,0.03571428571428571,0.023809523809523808,118,118th Congress (2023–2025),118
W000779,Ron Wyden,Senate,Democratic,OR,,OR,Senator,True,1981-01-05,44.0,300100,True,True,True,True,True,True,True,73,1,2,3,0.0410958904109589,0.0136986301369863,118,118th Congress (2023–2025),118
F000479,John Fetterman,Senate,Democratic,PA,,PA,Senator,True,2023-01-03,2.0,456877,False,False,False,False,False,True,True,35,1,1,2,0.05714285714285714,0.02857142857142857,118,118th Congress (2023–2025),118
R000122,Jack Reed,Senate,Democratic,RI,,RI,Senator,True,1991-01-03,34.0,300081,True,True,True,True,True,True,True,32,0,0,0,0.0,0.0,118,118th Congress (2023–2025),118
W000802,Sheldon Whitehouse,Senate,Democratic,RI,,RI,Senator,True,2007-01-04,18.0,412247,True,True,True,True,True,True,True,51,1,0,1,0.0196078431372549,0.0196078431372549,118,118th Congress (2023–2025),118
S001184,Tim Scott,Senate,Republican,SC,,SC,Senator,True,2011-01-05,14.0,412471,True,True,True,True,True,True,True,44,0,0,0,0.0,0.0,118,118th Congress (2023–2025),118
T000250,John Thune,Senate,Republican,SD,,SD,Senator,True,1997-01-07,28.0,400546,True,True,True,True,True,True,True,45,0,1,1,0.022222222222222223,0.0,118,118th Congress (2023–2025),118
R000605,Mike Rounds,Senate,Republican,SD,,SD,Senator,True,2015-01-06,10.0,412669,False,True,True,True,True,True,True,50,2,0,2,0.04,0.04,118,118th Congress (2023–2025),118
H000601,Bill Hagerty,Senate,Republican,TN,,TN,Senator,True,2021-01-03,4.0,456798,False,False,False,False,True,True,True,31,1,1,2,0.06451612903225806,0.03225806451612903,118,118th Congress (2023–2025),118
B001243,Marsha Blackburn,Senate,Republican,TN,,TN,Senator,True,2003-01-07,22.0,400032,True,True,True,True,True,True,True,82,1,0,1,0.012195121951219513,0.012195121951219513,118,118th Congress (2023–2025),118
C001056,John Cornyn,Senate,Republican,TX,,TX,Senator,True,2002-11-30,22.1,300027,True,True,True,True,True,True,True,107,7,5,12,0.11214953271028037,0.06542056074766354,118,118th Congress (2023–2025),118
C001098,Ted Cruz,Senate,Republican,TX,,TX,Senator,True,2013-01-03,12.0,412573,True,True,True,True,True,True,True,132,3,0,3,0.022727272727272728,0.022727272727272728,118,118th Congress (2023–2025),118
C001114,John R. Curtis,Senate,Republican,UT,,UT,Senator,True,2017-11-13,7.1,412740,False,False,True,True,True,True,True,48,3,0,3,0.0625,0.0625,118,118th Congress (2023–2025),118
L000577,Mike Lee,Senate,Republican,UT,,UT,Senator,True,2011-01-05,14.0,412495,True,True,True,True,True,True,True,123,0,1,1,0.008130081300813009,0.0,118,118th Congress (2023–2025),118
W000805,Mark R. Warner,Senate,Democratic,VA,,VA,Senator,True,2009-01-06,16.0,412321,True,True,True,True,True,True,True,55,1,2,3,0.05454545454545454,0.01818181818181818,118,118th Congress (2023–2025),118
K000384,Tim Kaine,Senate,Democratic,VA,,VA,Senator,True,2013-01-03,12.0,412582,True,True,True,True,True,True,True,63,0,1,1,0.015873015873015872,0.0,118,118th Congress (2023–2025),118
S000033,Bernard Sanders,Senate,Independent,VT,,VT,Senator,True,1991-01-03,34.0,400357,True,True,True,True,True,True,True,43,0,0,0,0.0,0.0,118,118th Congress (2023–2025),118
W000800,Peter Welch,Senate,Democratic,VT,,VT,Senator,True,2007-01-04,18.0,412239,True,True,True,True,True,True,True,86,0,0,0,0.0,0.0,118,118th Congress (2023–2025),118
C000127,Maria Cantwell,Senate,Democratic,WA,,WA,Senator,True,1993-01-05,32.0,300018,True,True,True,True,True,True,True,32,1,0,1,0.03125,0.03125,118,118th Congress (2023–2025),118
M001111,Patty Murray,Senate,Democratic,WA,,WA,Senator,True,1993-01-05,32.0,300076,True,True,True,True,True,True,True,33,1,0,1,0.030303030303030304,0.030303030303030304,118,118th Congress (2023–2025),118
J000293,Ron Johnson,Senate,Republican,WI,,WI,Senator,True,2011-01-05,14.0,412496,True,True,True,True,True,True,True,14,0,0,0,0.0,0.0,118,118th Congress (2023–2025),118
B001230,Tammy Baldwin,Senate,Democratic,WI,,WI,Senator,True,1999-01-06,26.0,400013,True,True,True,True,True,True,True,64,0,1,1,0.015625,0.0,118,118th Congress (2023–2025),118
C001047,Shelley Moore Capito,Senate,Republican,WV,,WV,Senator,True,2001-01-03,24.0,400061,True,True,True,True,True,True,True,22,0,1,1,0.045454545454545456,0.0,118,118th Congress (2023–2025),118
L000571,Cynthia M. Lummis,Senate,Republican,WY,,WY,Senator,True,2009-01-06,16.0,412294,True,True,False,False,True,True,True,35,0,0,0,0.0,0.0,118,118th Congress (2023–2025),118
B001261,John Barrasso,Senate,Republican,WY,,WY,Senator,True,2007-06-25,17.5,412251,True,True,True,True,True,True,True,59,1,0,1,0.01694915254237288,0.01694915254237288,118,118th Congress (2023–2025),118
B001323,Nicholas J. Begich III,House,Republican,AK,At-Large,AK-AL,Representative,True,2025-01-03,1.6,456970,False,False,False,False,False,False,True,39,8,0,8,0.20512820512820512,0.20512820512820512,119,119th Congress so far (2025–),119
M001212,Barry Moore,House,Republican,AL,1,AL-1,Representative,True,2021-01-03,5.6,456800,False,False,False,False,True,True,True,28,0,0,0,0.0,0.0,119,119th Congress so far (2025–),119
F000481,Shomari Figures,House,Democratic,AL,2,AL-2,Representative,True,2025-01-03,1.6,456971,False,False,False,False,False,False,True,22,0,0,0,0.0,0.0,119,119th Congress so far (2025–),119
R000575,Mike Rogers,House,Republican,AL,3,AL-3,Representative,True,2003-01-07,23.6,400341,True,True,True,True,True,True,True,9,0,0,0,0.0,0.0,119,119th Congress so far (2025–),119
A000055,Robert B. Aderholt,House,Republican,AL,4,AL-4,Representative,True,1997-01-07,29.6,400004,True,True,True,True,True,True,True,10,1,0,1,0.1,0.1,119,119th Congress so far (2025–),119
S001220,Dale W. Strong,House,Republican,AL,5,AL-5,Representative,True,2023-01-03,3.6,456878,False,False,False,False,False,True,True,14,0,0,0,0.0,0.0,119,119th Congress so far (2025–),119
P000609,Gary J. Palmer,House,Republican,AL,6,AL-6,Representative,True,2015-01-06,11.6,412608,False,True,True,True,True,True,True,16,2,0,2,0.125,0.125,119,119th Congress so far (2025–),119
S001185,Terri A. Sewell,House,Democratic,AL,7,AL-7,Representative,True,2011-01-05,15.6,412396,True,True,True,True,True,True,True,12,0,0,0,0.0,0.0,119,119th Congress so far (2025–),119
C001087,"Eric A. ""Rick"" Crawford",House,Republican,AR,1,AR-1,Representative,True,2011-01-05,15.6,412400,True,True,True,True,True,True,True,17,0,0,0,0.0,0.0,119,119th Congress so far (2025–),119
H001072,J. French Hill,House,Republican,AR,2,AR-2,Representative,True,2015-01-06,11.6,412609,False,True,True,True,True,True,True,25,2,0,2,0.08,0.08,119,119th Congress so far (2025–),119
W000809,Steve Womack,House,Republican,AR,3,AR-3,Representative,True,2011-01-05,15.6,412402,True,True,True,True,True,True,True,10,0,0,0,0.0,0.0,119,119th Congress so far (2025–),119
W000821,Bruce Westerman,House,Republican,AR,4,AR-4,Representative,True,2015-01-06,11.6,412610,False,True,True,True,True,True,True,7,0,0,0,0.0,0.0,119,119th Congress so far (2025–),119
R000600,Aumua Amata Coleman Radewagen,House,Republican,AS,At-Large,AS-AL,Delegate/Resident Commissioner,False,2015-01-06,11.6,412664,False,True,True,True,True,True,True,8,0,0,0,0.0,0.0,119,119th Congress so far (2025–),119
S001183,David Schweikert,House,Republican,AZ,1,AZ-1,Representative,True,2011-01-05,15.6,412399,True,True,True,True,True,True,True,30,0,0,0,0.0,0.0,119,119th Congress so far (2025–),119
C001132,Elijah Crane,House,Republican,AZ,2,AZ-2,Representative,True,2023-01-03,3.6,456879,False,False,False,False,False,True,True,19,0,0,0,0.0,0.0,119,119th Congress so far (2025–),119
A000381,Yassamin Ansari,House,Democratic,AZ,3,AZ-3,Representative,True,2025-01-03,1.6,456972,False,False,False,False,False,False,True,22,0,0,0,0.0,0.0,119,119th Congress so far (2025–),119
S001211,Greg Stanton,House,Democratic,AZ,4,AZ-4,Representative,True,2019-01-03,7.6,412753,False,False,False,True,True,True,True,24,0,0,0,0.0,0.0,119,119th Congress so far (2025–),119
B001302,Andy Biggs,House,Republican,AZ,5,AZ-5,Representative,True,2017-01-03,9.6,412683,False,False,True,True,True,True,True,101,0,0,0,0.0,0.0,119,119th Congress so far (2025–),119
C001133,Juan Ciscomani,House,Republican,AZ,6,AZ-6,Representative,True,2023-01-03,3.6,456880,False,False,False,False,False,True,True,31,0,0,0,0.0,0.0,119,119th Congress so far (2025–),119
G000606,Adelita S. Grijalva,House,Democratic,AZ,7,AZ-7,Representative,True,2025-11-12,0.8,457037,False,False,False,False,False,False,True,8,0,0,0,0.0,0.0,119,119th Congress so far (2025–),119
H001098,Abraham J. Hamadeh,House,Republican,AZ,8,AZ-8,Representative,True,2025-01-03,1.6,456973,False,False,False,False,False,False,True,27,0,0,0,0.0,0.0,119,119th Congress so far (2025–),119
G000565,Paul A. Gosar,House,Republican,AZ,9,AZ-9,Representative,True,2011-01-05,15.6,412397,True,True,True,True,True,True,True,25,1,0,1,0.04,0.04,119,119th Congress so far (2025–),119
G000607,James Gallagher,House,Republican,CA,1,CA-1,Representative,True,2026-06-10,0.2,457043,False,False,False,False,False,False,True,4,0,0,0,0.0,0.0,119,119th Congress so far (2025–),119
D000623,Mark DeSaulnier,House,Democratic,CA,10,CA-10,Representative,True,2015-01-06,11.6,412613,False,True,True,True,True,True,True,24,0,0,0,0.0,0.0,119,119th Congress so far (2025–),119
P000197,Nancy Pelosi,House,Democratic,CA,11,CA-11,Representative,True,1987-01-06,39.6,400314,True,True,True,True,True,True,True,0,0,0,0,,,119,119th Congress so far (2025–),119
S001231,Lateefah Simon,House,Democratic,CA,12,CA-12,Representative,True,2025-01-03,1.6,456974,False,False,False,False,False,False,True,9,0,0,0,0.0,0.0,119,119th Congress so far (2025–),119
G000605,Adam Gray,House,Democratic,CA,13,CA-13,Representative,True,2025-01-03,1.6,456975,False,False,False,False,False,False,True,8,0,0,0,0.0,0.0,119,119th Congress so far (2025–),119
M001225,Kevin Mullin,House,Democratic,CA,15,CA-15,Representative,True,2023-01-03,3.6,456883,False,False,False,False,False,True,True,29,0,0,0,0.0,0.0,119,119th Congress so far (2025–),119
L000607,Sam T. Liccardo,House,Democratic,CA,16,CA-16,Representative,True,2025-01-03,1.6,456976,False,False,False,False,False,False,True,17,0,0,0,0.0,0.0,119,119th Congress so far (2025–),119
K000389,Ro Khanna,House,Democratic,CA,17,CA-17,Representative,True,2017-01-03,9.6,412684,False,False,True,True,True,True,True,38,1,0,1,0.02631578947368421,0.02631578947368421,119,119th Congress so far (2025–),119
L000397,Zoe Lofgren,House,Democratic,CA,18,CA-18,Representative,True,1995-01-04,31.6,400245,True,True,True,True,True,True,True,21,0,0,0,0.0,0.0,119,119th Congress so far (2025–),119
P000613,Jimmy Panetta,House,Democratic,CA,19,CA-19,Representative,True,2017-01-03,9.6,412685,False,False,True,True,True,True,True,49,0,0,0,0.0,0.0,119,119th Congress so far (2025–),119
H001068,Jared Huffman,House,Democratic,CA,2,CA-2,Representative,True,2013-01-03,13.6,412511,True,True,True,True,True,True,True,25,0,0,0,0.0,0.0,119,119th Congress so far (2025–),119
F000480,Vince Fong,House,Republican,CA,20,CA-20,Representative,True,2024-06-03,2.2,456958,False,False,False,False,False,True,True,15,0,0,0,0.0,0.0,119,119th Congress so far (2025–),119
C001059,Jim Costa,House,Democratic,CA,21,CA-21,Representative,True,2005-01-04,21.6,400618,True,True,True,True,True,True,True,23,0,0,0,0.0,0.0,119,119th Congress so far (2025–),119
V000129,David G. Valadao,House,Republican,CA,22,CA-22,Representative,True,2013-01-03,13.6,412515,True,True,True,False,True,True,True,27,1,0,1,0.037037037037037035,0.037037037037037035,119,119th Congress so far (2025–),119
O000019,Jay Obernolte,House,Republican,CA,23,CA-23,Representative,True,2021-01-03,5.6,456801,False,False,False,False,True,True,True,30,2,0,2,0.06666666666666667,0.06666666666666667,119,119th Congress so far (2025–),119
C001112,Salud O. Carbajal,House,Democratic,CA,24,CA-24,Representative,True,2017-01-03,9.6,412686,False,False,True,True,True,True,True,33,0,0,0,0.0,0.0,119,119th Congress so far (2025–),119
R000599,Raul Ruiz,House,Democratic,CA,25,CA-25,Representative,True,2013-01-03,13.6,412519,True,True,True,True,True,True,True,32,0,0,0,0.0,0.0,119,119th Congress so far (2025–),119
B001285,Julia Brownley,House,Democratic,CA,26,CA-26,Representative,True,2013-01-03,13.6,412516,True,True,True,True,True,True,True,50,0,0,0,0.0,0.0,119,119th Congress so far (2025–),119
W000830,George Whitesides,House,Democratic,CA,27,CA-27,Representative,True,2025-01-03,1.6,456977,False,False,False,False,False,False,True,17,0,0,0,0.0,0.0,119,119th Congress so far (2025–),119
C001080,Judy Chu,House,Democratic,CA,28,CA-28,Representative,True,2009-07-16,17.1,412379,True,True,True,True,True,True,True,31,0,0,0,0.0,0.0,119,119th Congress so far (2025–),119
R000620,Luz M. Rivas,House,Democratic,CA,29,CA-29,Representative,True,2025-01-03,1.6,456978,False,False,False,False,False,False,True,11,0,0,0,0.0,0.0,119,119th Congress so far (2025–),119
K000401,Kevin Kiley,House,Independent,CA,3,CA-3,Representative,True,2023-01-03,3.6,456881,False,False,False,False,False,True,True,23,0,0,0,0.0,0.0,119,119th Congress so far (2025–),119
F000483,Laura Friedman,House,Democratic,CA,30,CA-30,Representative,True,2025-01-03,1.6,456979,False,False,False,False,False,False,True,11,0,0,0,0.0,0.0,119,119th Congress so far (2025–),119
C001123,"Gilbert Ray Cisneros, Jr.",House,Democratic,CA,31,CA-31,Representative,True,2019-01-03,7.6,412757,False,False,False,True,False,False,True,15,0,0,0,0.0,0.0,119,119th Congress so far (2025–),119
S000344,Brad Sherman,House,Democratic,CA,32,CA-32,Representative,True,1997-01-07,29.6,400371,True,True,True,True,True,True,True,13,0,0,0,0.0,0.0,119,119th Congress so far (2025–),119
A000371,Pete Aguilar,House,Democratic,CA,33,CA-33,Representative,True,2015-01-06,11.6,412615,False,True,True,True,True,True,True,2,0,0,0,0.0,0.0,119,119th Congress so far (2025–),119
G000585,Jimmy Gomez,House,Democratic,CA,34,CA-34,Representative,True,2017-07-11,9.1,412739,False,False,True,True,True,True,True,11,0,0,0,0.0,0.0,119,119th Congress so far (2025–),119
T000474,Norma J. Torres,House,Democratic,CA,35,CA-35,Representative,True,2015-01-06,11.6,412617,False,True,True,True,True,True,True,27,0,0,0,0.0,0.0,119,119th Congress so far (2025–),119
L000582,Ted Lieu,House,Democratic,CA,36,CA-36,Representative,True,2015-01-06,11.6,412616,False,True,True,True,True,True,True,40,0,0,0,0.0,0.0,119,119th Congress so far (2025–),119
K000400,Sydney Kamlager-Dove,House,Democratic,CA,37,CA-37,Representative,True,2023-01-03,3.6,456884,False,False,False,False,False,True,True,28,0,0,0,0.0,0.0,119,119th Congress so far (2025–),119
S001156,Linda T. Sánchez,House,Democratic,CA,38,CA-38,Representative,True,2003-01-07,23.6,400355,True,True,True,True,True,True,True,17,0,0,0,0.0,0.0,119,119th Congress so far (2025–),119
T000472,Mark Takano,House,Democratic,CA,39,CA-39,Representative,True,2013-01-03,13.6,412520,True,True,True,True,True,True,True,22,0,0,0,0.0,0.0,119,119th Congress so far (2025–),119
T000460,Mike Thompson,House,Democratic,CA,4,CA-4,Representative,True,1999-01-06,27.6,400403,True,True,True,True,True,True,True,19,0,0,0,0.0,0.0,119,119th Congress so far (2025–),119
K000397,Young Kim,House,Republican,CA,40,CA-40,Representative,True,2021-01-03,5.6,456802,False,False,False,False,True,True,True,43,1,0,1,0.023255813953488372,0.023255813953488372,119,119th Congress so far (2025–),119
C000059,Ken Calvert,House,Republican,CA,41,CA-41,Representative,True,1993-01-05,33.6,400057,True,True,True,True,True,True,True,23,0,0,0,0.0,0.0,119,119th Congress so far (2025–),119
G000598,Robert Garcia,House,Democratic,CA,42,CA-42,Representative,True,2023-01-03,3.6,456885,False,False,False,False,False,True,True,18,0,0,0,0.0,0.0,119,119th Congress so far (2025–),119
W000187,Maxine Waters,House,Democratic,CA,43,CA-43,Representative,True,1991-01-03,35.6,400422,True,True,True,True,True,True,True,36,0,0,0,0.0,0.0,119,119th Congress so far (2025–),119
B001300,Nanette Diaz Barragán,House,Democratic,CA,44,CA-44,Representative,True,2017-01-03,9.6,412687,False,False,True,True,True,True,True,24,0,0,0,0.0,0.0,119,119th Congress so far (2025–),119
T000491,Derek Tran,House,Democratic,CA,45,CA-45,Representative,True,2025-01-03,1.6,456980,False,False,False,False,False,False,True,10,0,0,0,0.0,0.0,119,119th Congress so far (2025–),119
C001110,J. Luis Correa,House,Democratic,CA,46,CA-46,Representative,True,2017-01-03,9.6,412688,False,False,True,True,True,True,True,14,0,0,0,0.0,0.0,119,119th Congress so far (2025–),119
M001241,Dave Min,House,Democratic,CA,47,CA-47,Representative,True,2025-01-03,1.6,456981,False,False,False,False,False,False,True,26,0,0,0,0.0,0.0,119,119th Congress so far (2025–),119
I000056,Darrell Issa,House,Republican,CA,48,CA-48,Representative,True,2001-01-03,25.6,400196,True,True,True,False,True,True,True,45,0,0,0,0.0,0.0,119,119th Congress so far (2025–),119
L000593,Mike Levin,House,Democratic,CA,49,CA-49,Representative,True,2019-01-03,7.6,412760,False,False,False,True,True,True,True,25,0,0,0,0.0,0.0,119,119th Congress so far (2025–),119
M001177,Tom McClintock,House,Republican,CA,5,CA-5,Representative,True,2009-01-06,17.6,412295,True,True,True,True,True,True,True,23,0,0,0,0.0,0.0,119,119th Congress so far (2025–),119
P000608,Scott H. Peters,House,Democratic,CA,50,CA-50,Representative,True,2013-01-03,13.6,412523,True,True,True,True,True,True,True,31,0,0,0,0.0,0.0,119,119th Congress so far (2025–),119
J000305,Sara Jacobs,House,Democratic,CA,51,CA-51,Representative,True,2021-01-03,5.6,456804,False,False,False,False,True,True,True,25,0,0,0,0.0,0.0,119,119th Congress so far (2025–),119
V000130,Juan Vargas,House,Democratic,CA,52,CA-52,Representative,True,2013-01-03,13.6,412522,True,True,True,True,True,True,True,9,0,0,0,0.0,0.0,119,119th Congress so far (2025–),119
B001287,Ami Bera,House,Democratic,CA,6,CA-6,Representative,True,2013-01-03,13.6,412512,True,True,True,True,True,True,True,15,0,0,0,0.0,0.0,119,119th Congress so far (2025–),119
M001163,Doris O. Matsui,House,Democratic,CA,7,CA-7,Representative,True,2005-03-10,21.4,400663,True,True,True,True,True,True,True,25,0,0,0,0.0,0.0,119,119th Congress so far (2025–),119
G000559,John Garamendi,House,Democratic,CA,8,CA-8,Representative,True,2009-11-03,16.8,412382,True,True,True,True,True,True,True,11,0,0,0,0.0,0.0,119,119th Congress so far (2025–),119
H001090,Josh Harder,House,Democratic,CA,9,CA-9,Representative,True,2019-01-03,7.6,412754,False,False,False,True,True,True,True,40,2,0,2,0.05,0.05,119,119th Congress so far (2025–),119
D000197,Diana DeGette,House,Democratic,CO,1,CO-1,Representative,True,1997-01-07,29.6,400101,True,True,True,True,True,True,True,13,0,0,0,0.0,0.0,119,119th Congress so far (2025–),119
N000191,Joe Neguse,House,Democratic,CO,2,CO-2,Representative,True,2019-01-03,7.6,412761,False,False,False,True,True,True,True,84,1,0,1,0.011904761904761904,0.011904761904761904,119,119th Congress so far (2025–),119
H001100,Jeff Hurd,House,Republican,CO,3,CO-3,Representative,True,2025-01-03,1.6,456982,False,False,False,False,False,False,True,25,1,0,1,0.04,0.04,119,119th Congress so far (2025–),119
B000825,Lauren Boebert,House,Republican,CO,4,CO-4,Representative,True,2021-01-03,5.6,456805,False,False,False,False,True,True,True,18,0,0,0,0.0,0.0,119,119th Congress so far (2025–),119
C001137,Jeff Crank,House,Republican,CO,5,CO-5,Representative,True,2025-01-03,1.6,456983,False,False,False,False,False,False,True,7,0,0,0,0.0,0.0,119,119th Congress so far (2025–),119
C001121,Jason Crow,House,Democratic,CO,6,CO-6,Representative,True,2019-01-03,7.6,412762,False,False,False,True,True,True,True,28,0,0,0,0.0,0.0,119,119th Congress so far (2025–),119
P000620,Brittany Pettersen,House,Democratic,CO,7,CO-7,Representative,True,2023-01-03,3.6,456886,False,False,False,False,False,True,True,37,1,0,1,0.02702702702702703,0.02702702702702703,119,119th Congress so far (2025–),119
E000300,Gabe Evans,House,Republican,CO,8,CO-8,Representative,True,2025-01-03,1.6,456984,False,False,False,False,False,False,True,18,0,0,0,0.0,0.0,119,119th Congress so far (2025–),119
L000557,John B. Larson,House,Democratic,CT,1,CT-1,Representative,True,1999-01-06,27.6,400233,True,True,True,True,True,True,True,13,0,0,0,0.0,0.0,119,119th Congress so far (2025–),119
C001069,Joe Courtney,House,Democratic,CT,2,CT-2,Representative,True,2007-01-04,19.6,412193,True,True,True,True,True,True,True,9,0,0,0,0.0,0.0,119,119th Congress so far (2025–),119
D000216,Rosa L. DeLauro,House,Democratic,CT,3,CT-3,Representative,True,1991-01-03,35.6,400103,True,True,True,True,True,True,True,31,1,0,1,0.03225806451612903,0.03225806451612903,119,119th Congress so far (2025–),119
H001047,James A. Himes,House,Democratic,CT,4,CT-4,Representative,True,2009-01-06,17.6,412282,True,True,True,True,True,True,True,4,0,0,0,0.0,0.0,119,119th Congress so far (2025–),119
H001081,Jahana Hayes,House,Democratic,CT,5,CT-5,Representative,True,2019-01-03,7.6,412763,False,False,False,True,True,True,True,31,0,0,0,0.0,0.0,119,119th Congress so far (2025–),119
N000147,Eleanor Holmes Norton,House,Democratic,DC,At-Large,DC-AL,Delegate/Resident Commissioner,False,1991-01-03,35.6,400295,True,True,True,True,True,True,True,93,0,0,0,0.0,0.0,119,119th Congress so far (2025–),119
M001238,Sarah McBride,House,Democratic,DE,At-Large,DE-AL,Representative,True,2025-01-03,1.6,456985,False,False,False,False,False,False,True,10,0,0,0,0.0,0.0,119,119th Congress so far (2025–),119
P000622,Jimmy Patronis,House,Republican,FL,1,FL-1,Representative,True,2025-04-02,1.4,457034,False,False,False,False,False,False,True,14,0,0,0,0.0,0.0,119,119th Congress so far (2025–),119
F000476,Maxwell Frost,House,Democratic,FL,10,FL-10,Representative,True,2023-01-03,3.6,456890,False,False,False,False,False,True,True,26,0,0,0,0.0,0.0,119,119th Congress so far (2025–),119
W000806,Daniel Webster,House,Republican,FL,11,FL-11,Representative,True,2011-01-05,15.6,412410,True,True,True,True,True,True,True,10,0,0,0,0.0,0.0,119,119th Congress so far (2025–),119
B001257,Gus M. Bilirakis,House,Republican,FL,12,FL-12,Representative,True,2007-01-04,19.6,412250,True,True,True,True,True,True,True,28,1,0,1,0.03571428571428571,0.03571428571428571,119,119th Congress so far (2025–),119
L000596,Anna Paulina Luna,House,Republican,FL,13,FL-13,Representative,True,2023-01-03,3.6,456891,False,False,False,False,False,True,True,25,0,0,0,0.0,0.0,119,119th Congress so far (2025–),119
C001066,Kathy Castor,House,Democratic,FL,14,FL-14,Representative,True,2007-01-04,19.6,412195,True,True,True,True,True,True,True,22,0,0,0,0.0,0.0,119,119th Congress so far (2025–),119
L000597,Laurel M. Lee,House,Republican,FL,15,FL-15,Representative,True,2023-01-03,3.6,456892,False,False,False,False,False,True,True,27,1,0,1,0.037037037037037035,0.037037037037037035,119,119th Congress so far (2025–),119
B001260,Vern Buchanan,House,Republican,FL,16,FL-16,Representative,True,2007-01-04,19.6,412196,True,True,True,True,True,True,True,46,0,0,0,0.0,0.0,119,119th Congress so far (2025–),119
S001214,W. Gregory Steube,House,Republican,FL,17,FL-17,Representative,True,2019-01-03,7.6,412766,False,False,False,True,True,True,True,102,0,0,0,0.0,0.0,119,119th Congress so far (2025–),119
F000472,Scott Franklin,House,Republican,FL,18,FL-18,Representative,True,2021-01-03,5.6,456807,False,False,False,False,True,True,True,14,0,0,0,0.0,0.0,119,119th Congress so far (2025–),119
D000032,Byron Donalds,House,Republican,FL,19,FL-19,Representative,True,2021-01-03,5.6,456808,False,False,False,False,True,True,True,26,0,0,0,0.0,0.0,119,119th Congress so far (2025–),119
D000628,Neal P. Dunn,House,Republican,FL,2,FL-2,Representative,True,2017-01-03,9.6,412691,False,False,True,True,True,True,True,26,0,0,0,0.0,0.0,119,119th Congress so far (2025–),119
M001199,Brian J. Mast,House,Republican,FL,21,FL-21,Representative,True,2017-01-03,9.6,412698,False,False,True,True,True,True,True,34,1,0,1,0.029411764705882353,0.029411764705882353,119,119th Congress so far (2025–),119
F000462,Lois Frankel,House,Democratic,FL,22,FL-22,Representative,True,2013-01-03,13.6,412529,True,True,True,True,True,True,True,8,0,0,0,0.0,0.0,119,119th Congress so far (2025–),119
M001217,Jared Moskowitz,House,Democratic,FL,23,FL-23,Representative,True,2023-01-03,3.6,456893,False,False,False,False,False,True,True,19,0,0,0,0.0,0.0,119,119th Congress so far (2025–),119
W000808,Frederica S. Wilson,House,Democratic,FL,24,FL-24,Representative,True,2011-01-05,15.6,412412,True,True,True,True,True,True,True,20,0,0,0,0.0,0.0,119,119th Congress so far (2025–),119
W000797,Debbie Wasserman Schultz,House,Democratic,FL,25,FL-25,Representative,True,2005-01-04,21.6,400623,True,True,True,True,True,True,True,21,0,1,1,0.047619047619047616,0.0,119,119th Congress so far (2025–),119
D000600,Mario Diaz-Balart,House,Republican,FL,26,FL-26,Representative,True,2003-01-07,23.6,400108,True,True,True,True,True,True,True,9,0,0,0,0.0,0.0,119,119th Congress so far (2025–),119
S000168,Maria Elvira Salazar,House,Republican,FL,27,FL-27,Representative,True,2021-01-03,5.6,456810,False,False,False,False,True,True,True,16,1,0,1,0.0625,0.0625,119,119th Congress so far (2025–),119
G000593,Carlos A. Gimenez,House,Republican,FL,28,FL-28,Representative,True,2021-01-03,5.6,456809,False,False,False,False,True,True,True,8,0,0,0,0.0,0.0,119,119th Congress so far (2025–),119
C001039,Kat Cammack,House,Republican,FL,3,FL-3,Representative,True,2021-01-03,5.6,456806,False,False,False,False,True,True,True,21,0,0,0,0.0,0.0,119,119th Congress so far (2025–),119
B001314,Aaron Bean,House,Republican,FL,4,FL-4,Representative,True,2023-01-03,3.6,456888,False,False,False,False,False,True,True,24,0,0,0,0.0,0.0,119,119th Congress so far (2025–),119
R000609,John H. Rutherford,House,Republican,FL,5,FL-5,Representative,True,2017-01-03,9.6,412692,False,False,True,True,True,True,True,9,0,0,0,0.0,0.0,119,119th Congress so far (2025–),119
F000484,Randy Fine,House,Republican,FL,6,FL-6,Representative,True,2025-04-02,1.4,457035,False,False,False,False,False,False,True,28,0,0,0,0.0,0.0,119,119th Congress so far (2025–),119
M001216,Cory Mills,House,Republican,FL,7,FL-7,Representative,True,2023-01-03,3.6,456889,False,False,False,False,False,True,True,23,0,0,0,0.0,0.0,119,119th Congress so far (2025–),119
H001099,Mike Haridopolos,House,Republican,FL,8,FL-8,Representative,True,2025-01-03,1.6,456986,False,False,False,False,False,False,True,5,0,0,0,0.0,0.0,119,119th Congress so far (2025–),119
S001200,Darren Soto,House,Democratic,FL,9,FL-9,Representative,True,2017-01-03,9.6,412695,False,False,True,True,True,True,True,14,0,0,0,0.0,0.0,119,119th Congress so far (2025–),119
C001103,"Earl L. ""Buddy"" Carter",House,Republican,GA,1,GA-1,Representative,True,2015-01-06,11.6,412622,False,True,True,True,True,True,True,44,0,0,0,0.0,0.0,119,119th Congress so far (2025–),119
C001129,Mike Collins,House,Republican,GA,10,GA-10,Representative,True,2023-01-03,3.6,456895,False,False,False,False,False,True,True,14,1,0,1,0.07142857142857142,0.07142857142857142,119,119th Congress so far (2025–),119
L000583,Barry Loudermilk,House,Republican,GA,11,GA-11,Representative,True,2015-01-06,11.6,412624,False,True,True,True,True,True,True,15,0,0,0,0.0,0.0,119,119th Congress so far (2025–),119
A000372,Rick W. Allen,House,Republican,GA,12,GA-12,Representative,True,2015-01-06,11.6,412625,False,True,True,True,True,True,True,20,0,0,0,0.0,0.0,119,119th Congress so far (2025–),119
F000485,Clay Fuller,House,Republican,GA,14,GA-14,Representative,True,2026-04-14,0.3,457041,False,False,False,False,False,False,True,7,0,0,0,0.0,0.0,119,119th Congress so far (2025–),119
B000490,"Sanford D. Bishop, Jr.",House,Democratic,GA,2,GA-2,Representative,True,1993-01-05,33.6,400030,True,True,True,True,True,True,True,5,0,0,0,0.0,0.0,119,119th Congress so far (2025–),119
J000311,Brian Jack,House,Republican,GA,3,GA-3,Representative,True,2025-01-03,1.6,456987,False,False,False,False,False,False,True,3,0,0,0,0.0,0.0,119,119th Congress so far (2025–),119
J000288,"Henry C. ""Hank"" Johnson, Jr.",House,Democratic,GA,4,GA-4,Representative,True,2007-01-04,19.6,412199,True,True,True,True,True,True,True,14,0,0,0,0.0,0.0,119,119th Congress so far (2025–),119
W000788,Nikema Williams,House,Democratic,GA,5,GA-5,Representative,True,2021-01-03,5.6,456811,False,False,False,False,True,True,True,41,0,0,0,0.0,0.0,119,119th Congress so far (2025–),119
M001208,Lucy McBath,House,Democratic,GA,6,GA-6,Representative,True,2019-01-03,7.6,412769,False,False,False,True,True,True,True,16,0,0,0,0.0,0.0,119,119th Congress so far (2025–),119
M001218,Richard McCormick,House,Republican,GA,7,GA-7,Representative,True,2023-01-03,3.6,456894,False,False,False,False,False,True,True,19,0,0,0,0.0,0.0,119,119th Congress so far (2025–),119
S001189,Austin Scott,House,Republican,GA,8,GA-8,Representative,True,2011-01-05,15.6,412417,True,True,True,True,True,True,True,11,1,0,1,0.09090909090909091,0.09090909090909091,119,119th Congress so far (2025–),119
C001116,Andrew S. Clyde,House,Republican,GA,9,GA-9,Representative,True,2021-01-03,5.6,456813,False,False,False,False,True,True,True,29,1,0,1,0.034482758620689655,0.034482758620689655,119,119th Congress so far (2025–),119
M001219,James C. Moylan,House,Republican,GU,At-Large,GU-AL,Delegate/Resident Commissioner,False,2023-01-03,3.6,456896,False,False,False,False,False,True,True,20,0,0,0,0.0,0.0,119,119th Congress so far (2025–),119
C001055,Ed Case,House,Democratic,HI,1,HI-1,Representative,True,2003-01-07,23.6,400069,False,False,False,True,True,True,True,26,0,0,0,0.0,0.0,119,119th Congress so far (2025–),119
T000487,Jill N. Tokuda,House,Democratic,HI,2,HI-2,Representative,True,2023-01-03,3.6,456897,False,False,False,False,False,True,True,31,0,0,0,0.0,0.0,119,119th Congress so far (2025–),119
M001215,Mariannette Miller-Meeks,House,Republican,IA,1,IA-1,Representative,True,2021-01-03,5.6,456817,False,False,False,False,True,True,True,49,2,0,2,0.04081632653061224,0.04081632653061224,119,119th Congress so far (2025–),119
H001091,Ashley Hinson,House,Republican,IA,2,IA-2,Representative,True,2021-01-03,5.6,456816,False,False,False,False,True,True,True,31,0,0,0,0.0,0.0,119,119th Congress so far (2025–),119
N000193,Zachary Nunn,House,Republican,IA,3,IA-3,Representative,True,2023-01-03,3.6,456898,False,False,False,False,False,True,True,50,0,0,0,0.0,0.0,119,119th Congress so far (2025–),119
F000446,Randy Feenstra,House,Republican,IA,4,IA-4,Representative,True,2021-01-03,5.6,456818,False,False,False,False,True,True,True,35,1,0,1,0.02857142857142857,0.02857142857142857,119,119th Congress so far (2025–),119
F000469,Russ Fulcher,House,Republican,ID,1,ID-1,Representative,True,2019-01-03,7.6,412773,False,False,False,True,True,True,True,17,0,0,0,0.0,0.0,119,119th Congress so far (2025–),119
S001148,Michael K. Simpson,House,Republican,ID,2,ID-2,Representative,True,1999-01-06,27.6,400376,True,True,True,True,True,True,True,5,0,0,0,0.0,0.0,119,119th Congress so far (2025–),119
J000309,Jonathan L. Jackson,House,Democratic,IL,1,IL-1,Representative,True,2023-01-03,3.6,456899,False,False,False,False,False,True,True,6,0,0,0,0.0,0.0,119,119th Congress so far (2025–),119
S001190,Bradley Scott Schneider,House,Democratic,IL,10,IL-10,Representative,True,2013-01-03,13.6,412534,True,False,True,True,True,True,True,21,0,0,0,0.0,0.0,119,119th Congress so far (2025–),119
F000454,Bill Foster,House,Democratic,IL,11,IL-11,Representative,True,2008-03-08,18.4,412257,True,True,True,True,True,True,True,27,0,0,0,0.0,0.0,119,119th Congress so far (2025–),119
B001295,Mike Bost,House,Republican,IL,12,IL-12,Representative,True,2015-01-06,11.6,412629,False,True,True,True,True,True,True,22,1,0,1,0.045454545454545456,0.045454545454545456,119,119th Congress so far (2025–),119
B001315,Nikki Budzinski,House,Democratic,IL,13,IL-13,Representative,True,2023-01-03,3.6,456901,False,False,False,False,False,True,True,19,1,0,1,0.05263157894736842,0.05263157894736842,119,119th Congress so far (2025–),119
U000040,Lauren Underwood,House,Democratic,IL,14,IL-14,Representative,True,2019-01-03,7.6,412776,False,False,False,True,True,True,True,35,0,0,0,0.0,0.0,119,119th Congress so far (2025–),119
M001211,Mary E. Miller,House,Republican,IL,15,IL-15,Representative,True,2021-01-03,5.6,456820,False,False,False,False,True,True,True,30,0,0,0,0.0,0.0,119,119th Congress so far (2025–),119
L000585,Darin LaHood,House,Republican,IL,16,IL-16,Representative,True,2015-09-17,10.9,412674,False,True,True,True,True,True,True,29,0,0,0,0.0,0.0,119,119th Congress so far (2025–),119
S001225,Eric Sorensen,House,Democratic,IL,17,IL-17,Representative,True,2023-01-03,3.6,456902,False,False,False,False,False,True,True,11,0,0,0,0.0,0.0,119,119th Congress so far (2025–),119
K000385,Robin L. Kelly,House,Democratic,IL,2,IL-2,Representative,True,2013-04-09,13.3,412595,True,True,True,True,True,True,True,19,0,0,0,0.0,0.0,119,119th Congress so far (2025–),119
R000617,Delia C. Ramirez,House,Democratic,IL,3,IL-3,Representative,True,2023-01-03,3.6,456900,False,False,False,False,False,True,True,19,1,0,1,0.05263157894736842,0.05263157894736842,119,119th Congress so far (2025–),119
G000586,"Jesús G. ""Chuy"" García",House,Democratic,IL,4,IL-4,Representative,True,2019-01-03,7.6,412774,False,False,False,True,True,True,True,6,0,0,0,0.0,0.0,119,119th Congress so far (2025–),119
Q000023,Mike Quigley,House,Democratic,IL,5,IL-5,Representative,True,2009-04-07,17.4,412331,True,True,True,True,True,True,True,9,1,0,1,0.1111111111111111,0.1111111111111111,119,119th Congress so far (2025–),119
C001117,Sean Casten,House,Democratic,IL,6,IL-6,Representative,True,2019-01-03,7.6,412775,False,False,False,True,True,True,True,45,0,0,0,0.0,0.0,119,119th Congress so far (2025–),119
D000096,Danny K. Davis,House,Democratic,IL,7,IL-7,Representative,True,1997-01-07,29.6,400093,True,True,True,True,True,True,True,16,0,0,0,0.0,0.0,119,119th Congress so far (2025–),119
K000391,Raja Krishnamoorthi,House,Democratic,IL,8,IL-8,Representative,True,2017-01-03,9.6,412701,False,False,True,True,True,True,True,36,0,0,0,0.0,0.0,119,119th Congress so far (2025–),119
S001145,Janice D. Schakowsky,House,Democratic,IL,9,IL-9,Representative,True,1999-01-06,27.6,400360,True,True,True,True,True,True,True,31,0,0,0,0.0,0.0,119,119th Congress so far (2025–),119
M001214,Frank J. Mrvan,House,Democratic,IN,1,IN-1,Representative,True,2021-01-03,5.6,456821,False,False,False,False,True,True,True,2,0,0,0,0.0,0.0,119,119th Congress so far (2025–),119
Y000067,Rudy Yakym III,House,Republican,IN,2,IN-2,Representative,True,2022-11-14,3.8,456873,False,False,False,False,True,True,True,26,0,0,0,0.0,0.0,119,119th Congress so far (2025–),119
S001188,Marlin A. Stutzman,House,Republican,IN,3,IN-3,Representative,True,2010-11-16,15.7,412392,True,True,False,False,False,False,True,13,0,0,0,0.0,0.0,119,119th Congress so far (2025–),119
B001307,James R. Baird,House,Republican,IN,4,IN-4,Representative,True,2019-01-03,7.6,412777,False,False,False,True,True,True,True,15,1,0,1,0.06666666666666667,0.06666666666666667,119,119th Congress so far (2025–),119
S000929,Victoria Spartz,House,Republican,IN,5,IN-5,Representative,True,2021-01-03,5.6,456822,False,False,False,False,True,True,True,14,0,0,0,0.0,0.0,119,119th Congress so far (2025–),119
S001229,Jefferson Shreve,House,Republican,IN,6,IN-6,Representative,True,2025-01-03,1.6,456988,False,False,False,False,False,False,True,16,0,0,0,0.0,0.0,119,119th Congress so far (2025–),119
C001072,André Carson,House,Democratic,IN,7,IN-7,Representative,True,2008-03-13,18.4,412258,True,True,True,True,True,True,True,10,0,0,0,0.0,0.0,119,119th Congress so far (2025–),119
M001233,Mark B. Messmer,House,Republican,IN,8,IN-8,Representative,True,2025-01-03,1.6,456989,False,False,False,False,False,False,True,15,0,0,0,0.0,0.0,119,119th Congress so far (2025–),119
H001093,Erin Houchin,House,Republican,IN,9,IN-9,Representative,True,2023-01-03,3.6,456903,False,False,False,False,False,True,True,34,1,0,1,0.029411764705882353,0.029411764705882353,119,119th Congress so far (2025–),119
M000871,Tracey Mann,House,Republican,KS,1,KS-1,Representative,True,2021-01-03,5.6,456823,False,False,False,False,True,True,True,22,1,0,1,0.045454545454545456,0.045454545454545456,119,119th Congress so far (2025–),119
S001228,Derek Schmidt,House,Republican,KS,2,KS-2,Representative,True,2025-01-03,1.6,456990,False,False,False,False,False,False,True,17,0,0,0,0.0,0.0,119,119th Congress so far (2025–),119
D000629,Sharice Davids,House,Democratic,KS,3,KS-3,Representative,True,2019-01-03,7.6,412780,False,False,False,True,True,True,True,21,0,0,0,0.0,0.0,119,119th Congress so far (2025–),119
E000298,Ron Estes,House,Republican,KS,4,KS-4,Representative,True,2017-04-25,9.3,412735,False,False,True,True,True,True,True,14,0,0,0,0.0,0.0,119,119th Congress so far (2025–),119
C001108,James Comer,House,Republican,KY,1,KY-1,Representative,True,2016-11-14,9.7,412676,False,True,True,True,True,True,True,9,0,0,0,0.0,0.0,119,119th Congress so far (2025–),119
G000558,Brett Guthrie,House,Republican,KY,2,KY-2,Representative,True,2009-01-06,17.6,412278,True,True,True,True,True,True,True,10,1,0,1,0.1,0.1,119,119th Congress so far (2025–),119
M001220,Morgan McGarvey,House,Democratic,KY,3,KY-3,Representative,True,2023-01-03,3.6,456904,False,False,False,False,False,True,True,18,0,0,0,0.0,0.0,119,119th Congress so far (2025–),119
M001184,Thomas Massie,House,Republican,KY,4,KY-4,Representative,True,2012-11-13,13.8,412503,True,True,True,True,True,True,True,23,0,0,0,0.0,0.0,119,119th Congress so far (2025–),119
R000395,Harold Rogers,House,Republican,KY,5,KY-5,Representative,True,1981-01-05,45.6,400340,True,True,True,True,True,True,True,2,0,0,0,0.0,0.0,119,119th Congress so far (2025–),119
B001282,Andy Barr,House,Republican,KY,6,KY-6,Representative,True,2013-01-03,13.6,412541,True,True,True,True,True,True,True,56,1,0,1,0.017857142857142856,0.017857142857142856,119,119th Congress so far (2025–),119
S001176,Steve Scalise,House,Republican,LA,1,LA-1,Representative,True,2008-05-07,18.3,412261,True,True,True,True,True,True,True,1,1,0,1,1.0,1.0,119,119th Congress so far (2025–),119
C001125,Troy A. Carter,House,Democratic,LA,2,LA-2,Representative,True,2021-05-11,5.3,456860,False,False,False,False,True,True,True,20,0,0,0,0.0,0.0,119,119th Congress so far (2025–),119
H001077,Clay Higgins,House,Republican,LA,3,LA-3,Representative,True,2017-01-03,9.6,412705,False,False,True,True,True,True,True,35,1,0,1,0.02857142857142857,0.02857142857142857,119,119th Congress so far (2025–),119
J000299,Mike Johnson,House,Republican,LA,4,LA-4,Representative,True,2017-01-03,9.6,412706,False,False,True,True,True,True,True,5,0,0,0,0.0,0.0,119,119th Congress so far (2025–),119
L000595,Julia Letlow,House,Republican,LA,5,LA-5,Representative,True,2021-04-14,5.3,456859,False,False,False,False,True,True,True,18,1,0,1,0.05555555555555555,0.05555555555555555,119,119th Congress so far (2025–),119
F000110,Cleo Fields,House,Democratic,LA,6,LA-6,Representative,True,1993-01-05,33.6,404067,False,False,False,False,False,False,True,9,0,0,0,0.0,0.0,119,119th Congress so far (2025–),119
N000015,Richard E. Neal,House,Democratic,MA,1,MA-1,Representative,True,1989-01-03,37.6,400291,True,True,True,True,True,True,True,5,0,0,0,0.0,0.0,119,119th Congress so far (2025–),119
M000312,James P. McGovern,House,Democratic,MA,2,MA-2,Representative,True,1997-01-07,29.6,400263,True,True,True,True,True,True,True,20,0,0,0,0.0,0.0,119,119th Congress so far (2025–),119
T000482,Lori Trahan,House,Democratic,MA,3,MA-3,Representative,True,2019-01-03,7.6,412781,False,False,False,True,True,True,True,14,1,0,1,0.07142857142857142,0.07142857142857142,119,119th Congress so far (2025–),119
A000148,Jake Auchincloss,House,Democratic,MA,4,MA-4,Representative,True,2021-01-03,5.6,456825,False,False,False,False,True,True,True,11,0,0,0,0.0,0.0,119,119th Congress so far (2025–),119
C001101,Katherine M. Clark,House,Democratic,MA,5,MA-5,Representative,True,2013-12-12,12.7,412600,True,True,True,True,True,True,True,3,0,0,0,0.0,0.0,119,119th Congress so far (2025–),119
M001196,Seth Moulton,House,Democratic,MA,6,MA-6,Representative,True,2015-01-06,11.6,412632,False,True,True,True,True,True,True,20,1,0,1,0.05,0.05,119,119th Congress so far (2025–),119
P000617,Ayanna Pressley,House,Democratic,MA,7,MA-7,Representative,True,2019-01-03,7.6,412782,False,False,False,True,True,True,True,32,0,0,0,0.0,0.0,119,119th Congress so far (2025–),119
L000562,Stephen F. Lynch,House,Democratic,MA,8,MA-8,Representative,True,2001-10-23,24.8,400249,True,True,True,True,True,True,True,11,0,0,0,0.0,0.0,119,119th Congress so far (2025–),119
K000375,William R. Keating,House,Democratic,MA,9,MA-9,Representative,True,2011-01-05,15.6,412435,True,True,True,True,True,True,True,20,0,0,0,0.0,0.0,119,119th Congress so far (2025–),119
H001052,Andy Harris,House,Republican,MD,1,MD-1,Representative,True,2011-01-05,15.6,412434,True,True,True,True,True,True,True,4,1,0,1,0.25,0.25,119,119th Congress so far (2025–),119
O000176,"Johnny Olszewski, Jr.",House,Democratic,MD,2,MD-2,Representative,True,2025-01-03,1.6,456991,False,False,False,False,False,False,True,17,0,0,0,0.0,0.0,119,119th Congress so far (2025–),119
E000301,Sarah Elfreth,House,Democratic,MD,3,MD-3,Representative,True,2025-01-03,1.6,456992,False,False,False,False,False,False,True,16,0,0,0,0.0,0.0,119,119th Congress so far (2025–),119
I000058,Glenn Ivey,House,Democratic,MD,4,MD-4,Representative,True,2023-01-03,3.6,456905,False,False,False,False,False,True,True,2,0,0,0,0.0,0.0,119,119th Congress so far (2025–),119
H000874,Steny H. Hoyer,House,Democratic,MD,5,MD-5,Representative,True,1981-01-05,45.6,400189,True,True,True,True,True,True,True,0,0,0,0,,,119,119th Congress so far (2025–),119
M001232,April McClain Delaney,House,Democratic,MD,6,MD-6,Representative,True,2025-01-03,1.6,456993,False,False,False,False,False,False,True,29,0,0,0,0.0,0.0,119,119th Congress so far (2025–),119
M000687,Kweisi Mfume,House,Democratic,MD,7,MD-7,Representative,True,1987-01-06,39.6,407672,False,False,False,True,True,True,True,11,0,0,0,0.0,0.0,119,119th Congress so far (2025–),119
R000606,Jamie Raskin,House,Democratic,MD,8,MD-8,Representative,True,2017-01-03,9.6,412708,False,False,True,True,True,True,True,27,0,0,0,0.0,0.0,119,119th Congress so far (2025–),119
P000597,Chellie Pingree,House,Democratic,ME,1,ME-1,Representative,True,2009-01-06,17.6,412307,True,True,True,True,True,True,True,20,0,0,0,0.0,0.0,119,119th Congress so far (2025–),119
G000592,Jared F. Golden,House,Democratic,ME,2,ME-2,Representative,True,2019-01-03,7.6,412842,False,False,False,True,True,True,True,12,0,0,0,0.0,0.0,119,119th Congress so far (2025–),119
B001301,Jack Bergman,House,Republican,MI,1,MI-1,Representative,True,2017-01-03,9.6,412709,False,False,True,True,True,True,True,22,1,0,1,0.045454545454545456,0.045454545454545456,119,119th Congress so far (2025–),119
J000307,John James,House,Republican,MI,10,MI-10,Representative,True,2023-01-03,3.6,456907,False,False,False,False,False,True,True,22,1,0,1,0.045454545454545456,0.045454545454545456,119,119th Congress so far (2025–),119
S001215,Haley M. Stevens,House,Democratic,MI,11,MI-11,Representative,True,2019-01-03,7.6,412786,False,False,False,True,True,True,True,49,0,0,0,0.0,0.0,119,119th Congress so far (2025–),119
T000481,Rashida Tlaib,House,Democratic,MI,12,MI-12,Representative,True,2019-01-03,7.6,412787,False,False,False,True,True,True,True,34,0,0,0,0.0,0.0,119,119th Congress so far (2025–),119
T000488,Shri Thanedar,House,Democratic,MI,13,MI-13,Representative,True,2023-01-03,3.6,456908,False,False,False,False,False,True,True,26,0,0,0,0.0,0.0,119,119th Congress so far (2025–),119
M001194,John R. Moolenaar,House,Republican,MI,2,MI-2,Representative,True,2015-01-06,11.6,412634,False,True,True,True,True,True,True,39,0,0,0,0.0,0.0,119,119th Congress so far (2025–),119
S001221,Hillary J. Scholten,House,Democratic,MI,3,MI-3,Representative,True,2023-01-03,3.6,456906,False,False,False,False,False,True,True,43,0,0,0,0.0,0.0,119,119th Congress so far (2025–),119
H001058,Bill Huizenga,House,Republican,MI,4,MI-4,Representative,True,2011-01-05,15.6,412437,True,True,True,True,True,True,True,33,0,0,0,0.0,0.0,119,119th Congress so far (2025–),119
W000798,Tim Walberg,House,Republican,MI,5,MI-5,Representative,True,2007-01-04,19.6,412213,True,True,True,True,True,True,True,22,0,0,0,0.0,0.0,119,119th Congress so far (2025–),119
D000624,Debbie Dingell,House,Democratic,MI,6,MI-6,Representative,True,2015-01-06,11.6,412637,False,True,True,True,True,True,True,50,0,0,0,0.0,0.0,119,119th Congress so far (2025–),119
B001321,Tom Barrett,House,Republican,MI,7,MI-7,Representative,True,2025-01-03,1.6,456994,False,False,False,False,False,False,True,48,0,0,0,0.0,0.0,119,119th Congress so far (2025–),119
M001237,Kristen McDonald Rivet,House,Democratic,MI,8,MI-8,Representative,True,2025-01-03,1.6,456995,False,False,False,False,False,False,True,18,0,0,0,0.0,0.0,119,119th Congress so far (2025–),119
M001136,Lisa C. McClain,House,Republican,MI,9,MI-9,Representative,True,2021-01-03,5.6,456827,False,False,False,False,True,True,True,15,0,0,0,0.0,0.0,119,119th Congress so far (2025–),119
F000475,Brad Finstad,House,Republican,MN,1,MN-1,Representative,True,2022-08-12,4.0,456869,False,False,False,False,True,True,True,31,0,0,0,0.0,0.0,119,119th Congress so far (2025–),119
C001119,Angie Craig,House,Democratic,MN,2,MN-2,Representative,True,2019-01-03,7.6,412789,False,False,False,True,True,True,True,16,0,0,0,0.0,0.0,119,119th Congress so far (2025–),119
M001234,Kelly Morrison,House,Democratic,MN,3,MN-3,Representative,True,2025-01-03,1.6,456996,False,False,False,False,False,False,True,14,0,0,0,0.0,0.0,119,119th Congress so far (2025–),119
M001143,Betty McCollum,House,Democratic,MN,4,MN-4,Representative,True,2001-01-03,25.6,400259,True,True,True,True,True,True,True,7,0,0,0,0.0,0.0,119,119th Congress so far (2025–),119
O000173,Ilhan Omar,House,Democratic,MN,5,MN-5,Representative,True,2019-01-03,7.6,412791,False,False,False,True,True,True,True,13,0,0,0,0.0,0.0,119,119th Congress so far (2025–),119
E000294,Tom Emmer,House,Republican,MN,6,MN-6,Representative,True,2015-01-06,11.6,412639,False,True,True,True,True,True,True,9,0,0,0,0.0,0.0,119,119th Congress so far (2025–),119
F000470,Michelle Fischbach,House,Republican,MN,7,MN-7,Representative,True,2021-01-03,5.6,456828,False,False,False,False,True,True,True,17,0,0,0,0.0,0.0,119,119th Congress so far (2025–),119
S001212,Pete Stauber,House,Republican,MN,8,MN-8,Representative,True,2019-01-03,7.6,412792,False,False,False,True,True,True,True,23,2,0,2,0.08695652173913043,0.08695652173913043,119,119th Congress so far (2025–),119
B001324,Wesley Bell,House,Democratic,MO,1,MO-1,Representative,True,2025-01-03,1.6,456997,False,False,False,False,False,False,True,25,0,0,0,0.0,0.0,119,119th Congress so far (2025–),119
W000812,Ann Wagner,House,Republican,MO,2,MO-2,Representative,True,2013-01-03,13.6,412548,True,True,True,True,True,True,True,18,1,0,1,0.05555555555555555,0.05555555555555555,119,119th Congress so far (2025–),119
O000177,"Robert F. Onder, Jr.",House,Republican,MO,3,MO-3,Representative,True,2025-01-03,1.6,456998,False,False,False,False,False,False,True,19,0,0,0,0.0,0.0,119,119th Congress so far (2025–),119
A000379,Mark Alford,House,Republican,MO,4,MO-4,Representative,True,2023-01-03,3.6,456909,False,False,False,False,False,True,True,21,0,0,0,0.0,0.0,119,119th Congress so far (2025–),119
C001061,Emanuel Cleaver,House,Democratic,MO,5,MO-5,Representative,True,2005-01-04,21.6,400639,True,True,True,True,True,True,True,18,0,0,0,0.0,0.0,119,119th Congress so far (2025–),119
G000546,Sam Graves,House,Republican,MO,6,MO-6,Representative,True,2001-01-03,25.6,400158,True,True,True,True,True,True,True,13,0,0,0,0.0,0.0,119,119th Congress so far (2025–),119
B001316,Eric Burlison,House,Republican,MO,7,MO-7,Representative,True,2023-01-03,3.6,456910,False,False,False,False,False,True,True,24,0,0,0,0.0,0.0,119,119th Congress so far (2025–),119
S001195,Jason Smith,House,Republican,MO,8,MO-8,Representative,True,2013-06-04,13.2,412596,True,True,True,True,True,True,True,6,0,0,0,0.0,0.0,119,119th Congress so far (2025–),119
K000404,Kimberlyn King-Hinds,House,Republican,MP,At-Large,MP-AL,Delegate/Resident Commissioner,False,2025-01-03,1.6,456999,False,False,False,False,False,False,True,19,0,0,0,0.0,0.0,119,119th Congress so far (2025–),119
K000388,Trent Kelly,House,Republican,MS,1,MS-1,Representative,True,2015-06-09,11.2,412673,False,True,True,True,True,True,True,8,0,0,0,0.0,0.0,119,119th Congress so far (2025–),119
T000193,Bennie G. Thompson,House,Democratic,MS,2,MS-2,Representative,True,1993-04-13,33.3,400402,True,True,True,True,True,True,True,10,0,0,0,0.0,0.0,119,119th Congress so far (2025–),119
G000591,Michael Guest,House,Republican,MS,3,MS-3,Representative,True,2019-01-03,7.6,412793,False,False,False,True,True,True,True,4,0,0,0,0.0,0.0,119,119th Congress so far (2025–),119
E000235,Mike Ezell,House,Republican,MS,4,MS-4,Representative,True,2023-01-03,3.6,456911,False,False,False,False,False,True,True,25,1,0,1,0.04,0.04,119,119th Congress so far (2025–),119
Z000018,Ryan K. Zinke,House,Republican,MT,1,MT-1,Representative,True,2015-01-06,11.6,412640,False,True,True,False,False,True,True,13,0,0,0,0.0,0.0,119,119th Congress so far (2025–),119
D000634,Troy Downing,House,Republican,MT,2,MT-2,Representative,True,2025-01-03,1.6,457000,False,False,False,False,False,False,True,26,1,0,1,0.038461538461538464,0.038461538461538464,119,119th Congress so far (2025–),119
D000230,Donald G. Davis,House,Democratic,NC,1,NC-1,Representative,True,2023-01-03,3.6,456912,False,False,False,False,False,True,True,27,0,0,0,0.0,0.0,119,119th Congress so far (2025–),119
H001101,Pat Harrigan,House,Republican,NC,10,NC-10,Representative,True,2025-01-03,1.6,457003,False,False,False,False,False,False,True,27,0,0,0,0.0,0.0,119,119th Congress so far (2025–),119
E000246,Chuck Edwards,House,Republican,NC,11,NC-11,Representative,True,2023-01-03,3.6,456914,False,False,False,False,False,True,True,13,0,0,0,0.0,0.0,119,119th Congress so far (2025–),119
A000370,Alma S. Adams,House,Democratic,NC,12,NC-12,Representative,True,2014-11-12,11.8,412607,True,True,True,True,True,True,True,15,0,0,0,0.0,0.0,119,119th Congress so far (2025–),119
K000405,Brad Knott,House,Republican,NC,13,NC-13,Representative,True,2025-01-03,1.6,457004,False,False,False,False,False,False,True,6,0,0,0,0.0,0.0,119,119th Congress so far (2025–),119
M001236,Tim Moore,House,Republican,NC,14,NC-14,Representative,True,2025-01-03,1.6,457005,False,False,False,False,False,False,True,26,0,0,0,0.0,0.0,119,119th Congress so far (2025–),119
R000305,Deborah K. Ross,House,Democratic,NC,2,NC-2,Representative,True,2021-01-03,5.6,456831,False,False,False,False,True,True,True,30,0,0,0,0.0,0.0,119,119th Congress so far (2025–),119
M001210,Gregory F. Murphy,House,Republican,NC,3,NC-3,Representative,True,2019-09-17,6.9,412845,False,False,False,True,True,True,True,36,1,0,1,0.027777777777777776,0.027777777777777776,119,119th Congress so far (2025–),119
F000477,Valerie P. Foushee,House,Democratic,NC,4,NC-4,Representative,True,2023-01-03,3.6,456913,False,False,False,False,False,True,True,28,0,0,0,0.0,0.0,119,119th Congress so far (2025–),119
F000450,Virginia Foxx,House,Republican,NC,5,NC-5,Representative,True,2005-01-04,21.6,400643,True,True,True,True,True,True,True,14,0,0,0,0.0,0.0,119,119th Congress so far (2025–),119
M001240,Addison P. McDowell,House,Republican,NC,6,NC-6,Representative,True,2025-01-03,1.6,457001,False,False,False,False,False,False,True,14,0,0,0,0.0,0.0,119,119th Congress so far (2025–),119
R000603,David Rouzer,House,Republican,NC,7,NC-7,Representative,True,2015-01-06,11.6,412641,False,True,True,True,True,True,True,25,0,0,0,0.0,0.0,119,119th Congress so far (2025–),119
H001102,Mark Harris,House,Republican,NC,8,NC-8,Representative,True,2025-01-03,1.6,457002,False,False,False,False,False,False,True,17,0,0,0,0.0,0.0,119,119th Congress so far (2025–),119
H001067,Richard Hudson,House,Republican,NC,9,NC-9,Representative,True,2013-01-03,13.6,412550,True,True,True,True,True,True,True,16,1,0,1,0.0625,0.0625,119,119th Congress so far (2025–),119
F000482,Julie Fedorchak,House,Republican,ND,At-Large,ND-AL,Representative,True,2025-01-03,1.6,457006,False,False,False,False,False,False,True,14,2,0,2,0.14285714285714285,0.14285714285714285,119,119th Congress so far (2025–),119
F000474,Mike Flood,House,Republican,NE,1,NE-1,Representative,True,2022-07-12,4.1,456868,False,False,False,False,True,True,True,26,1,0,1,0.038461538461538464,0.038461538461538464,119,119th Congress so far (2025–),119
B001298,Don Bacon,House,Republican,NE,2,NE-2,Representative,True,2017-01-03,9.6,412713,False,False,True,True,True,True,True,42,0,0,0,0.0,0.0,119,119th Congress so far (2025–),119
S001172,Adrian Smith,House,Republican,NE,3,NE-3,Representative,True,2007-01-04,19.6,412217,True,True,True,True,True,True,True,24,0,0,0,0.0,0.0,119,119th Congress so far (2025–),119
P000614,Chris Pappas,House,Democratic,NH,1,NH-1,Representative,True,2019-01-03,7.6,412795,False,False,False,True,True,True,True,54,0,0,0,0.0,0.0,119,119th Congress so far (2025–),119
G000604,Maggie Goodlander,House,Democratic,NH,2,NH-2,Representative,True,2025-01-03,1.6,457007,False,False,False,False,False,False,True,12,0,0,0,0.0,0.0,119,119th Congress so far (2025–),119
N000188,Donald Norcross,House,Democratic,NJ,1,NJ-1,Representative,True,2014-11-12,11.8,412606,True,True,True,True,True,True,True,17,0,0,0,0.0,0.0,119,119th Congress so far (2025–),119
M001229,LaMonica McIver,House,Democratic,NJ,10,NJ-10,Representative,True,2024-09-18,1.9,456962,False,False,False,False,False,True,True,16,0,0,0,0.0,0.0,119,119th Congress so far (2025–),119
M001246,Analilia Mejia,House,Democratic,NJ,11,NJ-11,Representative,True,2026-04-20,0.3,457042,False,False,False,False,False,False,True,0,0,0,0,,,119,119th Congress so far (2025–),119
W000822,Bonnie Watson Coleman,House,Democratic,NJ,12,NJ-12,Representative,True,2015-01-06,11.6,412644,False,True,True,True,True,True,True,46,0,0,0,0.0,0.0,119,119th Congress so far (2025–),119
V000133,Jefferson Van Drew,House,Republican,NJ,2,NJ-2,Representative,True,2019-01-03,7.6,412796,False,False,False,True,True,True,True,50,0,0,0,0.0,0.0,119,119th Congress so far (2025–),119
C001136,"Herbert C. Conaway, Jr.",House,Democratic,NJ,3,NJ-3,Representative,True,2025-01-03,1.6,457008,False,False,False,False,False,False,True,15,0,0,0,0.0,0.0,119,119th Congress so far (2025–),119
S000522,Christopher H. Smith,House,Republican,NJ,4,NJ-4,Representative,True,1981-01-05,45.6,400380,True,True,True,True,True,True,True,43,1,0,1,0.023255813953488372,0.023255813953488372,119,119th Congress so far (2025–),119
G000583,Josh Gottheimer,House,Democratic,NJ,5,NJ-5,Representative,True,2017-01-03,9.6,412714,False,False,True,True,True,True,True,77,0,0,0,0.0,0.0,119,119th Congress so far (2025–),119
P000034,"Frank Pallone, Jr.",House,Democratic,NJ,6,NJ-6,Representative,True,1987-01-06,39.6,400308,True,True,True,True,True,True,True,16,0,0,0,0.0,0.0,119,119th Congress so far (2025–),119
K000398,"Thomas H. Kean, Jr.",House,Republican,NJ,7,NJ-7,Representative,True,2023-01-03,3.6,456917,False,False,False,False,False,True,True,26,0,0,0,0.0,0.0,119,119th Congress so far (2025–),119
M001226,Robert Menendez,House,Democratic,NJ,8,NJ-8,Representative,True,2023-01-03,3.6,456918,False,False,False,False,False,True,True,19,0,0,0,0.0,0.0,119,119th Congress so far (2025–),119
P000621,Nellie Pou,House,Democratic,NJ,9,NJ-9,Representative,True,2025-01-03,1.6,457009,False,False,False,False,False,False,True,13,0,0,0,0.0,0.0,119,119th Congress so far (2025–),119
S001218,Melanie A. Stansbury,House,Democratic,NM,1,NM-1,Representative,True,2021-06-14,5.2,456861,False,False,False,False,True,True,True,25,0,0,0,0.0,0.0,119,119th Congress so far (2025–),119
V000136,Gabe Vasquez,House,Democratic,NM,2,NM-2,Representative,True,2023-01-03,3.6,456919,False,False,False,False,False,True,True,34,0,0,0,0.0,0.0,119,119th Congress so far (2025–),119
L000273,Teresa Leger Fernandez,House,Democratic,NM,3,NM-3,Representative,True,2021-01-03,5.6,456835,False,False,False,False,True,True,True,35,0,0,0,0.0,0.0,119,119th Congress so far (2025–),119
T000468,Dina Titus,House,Democratic,NV,1,NV-1,Representative,True,2009-01-06,17.6,412318,True,True,True,True,True,True,True,48,1,0,1,0.020833333333333332,0.020833333333333332,119,119th Congress so far (2025–),119
A000369,Mark E. Amodei,House,Republican,NV,2,NV-2,Representative,True,2011-09-13,14.9,412500,True,True,True,True,True,True,True,9,0,0,0,0.0,0.0,119,119th Congress so far (2025–),119
L000590,Susie Lee,House,Democratic,NV,3,NV-3,Representative,True,2019-01-03,7.6,412802,False,False,False,True,True,True,True,23,1,0,1,0.043478260869565216,0.043478260869565216,119,119th Congress so far (2025–),119
H001066,Steven Horsford,House,Democratic,NV,4,NV-4,Representative,True,2013-01-03,13.6,412559,True,False,False,True,True,True,True,32,1,0,1,0.03125,0.03125,119,119th Congress so far (2025–),119
L000598,Nick LaLota,House,Republican,NY,1,NY-1,Representative,True,2023-01-03,3.6,456920,False,False,False,False,False,True,True,22,0,0,0,0.0,0.0,119,119th Congress so far (2025–),119
G000599,Daniel S. Goldman,House,Democratic,NY,10,NY-10,Representative,True,2023-01-03,3.6,456923,False,False,False,False,False,True,True,42,0,0,0,0.0,0.0,119,119th Congress so far (2025–),119
M000317,Nicole Malliotakis,House,Republican,NY,11,NY-11,Representative,True,2021-01-03,5.6,456837,False,False,False,False,True,True,True,52,0,0,0,0.0,0.0,119,119th Congress so far (2025–),119
N000002,Jerrold Nadler,House,Democratic,NY,12,NY-12,Representative,True,1992-11-03,33.8,400289,True,True,True,True,True,True,True,13,0,0,0,0.0,0.0,119,119th Congress so far (2025–),119
E000297,Adriano Espaillat,House,Democratic,NY,13,NY-13,Representative,True,2017-01-03,9.6,412718,False,False,True,True,True,True,True,31,0,0,0,0.0,0.0,119,119th Congress so far (2025–),119
O000172,Alexandria Ocasio-Cortez,House,Democratic,NY,14,NY-14,Representative,True,2019-01-03,7.6,412804,False,False,False,True,True,True,True,10,0,0,0,0.0,0.0,119,119th Congress so far (2025–),119
T000486,Ritchie Torres,House,Democratic,NY,15,NY-15,Representative,True,2021-01-03,5.6,456838,False,False,False,False,True,True,True,46,0,0,0,0.0,0.0,119,119th Congress so far (2025–),119
L000606,George Latimer,House,Democratic,NY,16,NY-16,Representative,True,2025-01-03,1.6,457011,False,False,False,False,False,False,True,8,0,0,0,0.0,0.0,119,119th Congress so far (2025–),119
L000599,Michael Lawler,House,Republican,NY,17,NY-17,Representative,True,2023-01-03,3.6,456924,False,False,False,False,False,True,True,112,0,0,0,0.0,0.0,119,119th Congress so far (2025–),119
R000579,Patrick Ryan,House,Democratic,NY,18,NY-18,Representative,True,2022-09-13,3.9,456871,False,False,False,False,True,True,True,21,0,0,0,0.0,0.0,119,119th Congress so far (2025–),119
R000622,Josh Riley,House,Democratic,NY,19,NY-19,Representative,True,2025-01-03,1.6,457012,False,False,False,False,False,False,True,16,0,0,0,0.0,0.0,119,119th Congress so far (2025–),119
G000597,Andrew R. Garbarino,House,Republican,NY,2,NY-2,Representative,True,2021-01-03,5.6,456836,False,False,False,False,True,True,True,30,0,0,0,0.0,0.0,119,119th Congress so far (2025–),119
T000469,Paul Tonko,House,Democratic,NY,20,NY-20,Representative,True,2009-01-06,17.6,412319,True,True,True,True,True,True,True,17,0,0,0,0.0,0.0,119,119th Congress so far (2025–),119
S001196,Elise M. Stefanik,House,Republican,NY,21,NY-21,Representative,True,2015-01-06,11.6,412648,False,True,True,True,True,True,True,28,0,0,0,0.0,0.0,119,119th Congress so far (2025–),119
M001231,John W. Mannion,House,Democratic,NY,22,NY-22,Representative,True,2025-01-03,1.6,457013,False,False,False,False,False,False,True,9,0,0,0,0.0,0.0,119,119th Congress so far (2025–),119
L000600,Nicholas A. Langworthy,House,Republican,NY,23,NY-23,Representative,True,2023-01-03,3.6,456927,False,False,False,False,False,True,True,38,0,0,0,0.0,0.0,119,119th Congress so far (2025–),119
T000478,Claudia Tenney,House,Republican,NY,24,NY-24,Representative,True,2017-01-03,9.6,412720,False,False,True,False,True,True,True,70,0,0,0,0.0,0.0,119,119th Congress so far (2025–),119
M001206,Joseph D. Morelle,House,Democratic,NY,25,NY-25,Representative,True,2018-11-13,7.8,412749,False,False,True,True,True,True,True,27,0,0,0,0.0,0.0,119,119th Congress so far (2025–),119
K000402,Timothy M. Kennedy,House,Democratic,NY,26,NY-26,Representative,True,2024-05-06,2.3,456957,False,False,False,False,False,True,True,28,0,0,0,0.0,0.0,119,119th Congress so far (2025–),119
S001201,Thomas R. Suozzi,House,Democratic,NY,3,NY-3,Representative,True,2017-01-03,9.6,412717,False,False,True,True,True,True,True,18,0,0,0,0.0,0.0,119,119th Congress so far (2025–),119
G000602,Laura Gillen,House,Democratic,NY,4,NY-4,Representative,True,2025-01-03,1.6,457010,False,False,False,False,False,False,True,19,0,0,0,0.0,0.0,119,119th Congress so far (2025–),119
M001137,Gregory W. Meeks,House,Democratic,NY,5,NY-5,Representative,True,1997-01-07,29.6,400271,True,True,True,True,True,True,True,28,0,0,0,0.0,0.0,119,119th Congress so far (2025–),119
M001188,Grace Meng,House,Democratic,NY,6,NY-6,Representative,True,2013-01-03,13.6,412560,True,True,True,True,True,True,True,25,0,0,0,0.0,0.0,119,119th Congress so far (2025–),119
V000081,Nydia M. Velázquez,House,Democratic,NY,7,NY-7,Representative,True,1993-01-05,33.6,400416,True,True,True,True,True,True,True,32,0,0,0,0.0,0.0,119,119th Congress so far (2025–),119
J000294,Hakeem S. Jeffries,House,Democratic,NY,8,NY-8,Representative,True,2013-01-03,13.6,412561,True,True,True,True,True,True,True,0,0,0,0,,,119,119th Congress so far (2025–),119
C001067,Yvette D. Clarke,House,Democratic,NY,9,NY-9,Representative,True,2007-01-04,19.6,412221,True,True,True,True,True,True,True,16,0,0,0,0.0,0.0,119,119th Congress so far (2025–),119
L000601,Greg Landsman,House,Democratic,OH,1,OH-1,Representative,True,2023-01-03,3.6,456928,False,False,False,False,False,True,True,26,0,0,0,0.0,0.0,119,119th Congress so far (2025–),119
T000463,Michael R. Turner,House,Republican,OH,10,OH-10,Representative,True,2003-01-07,23.6,400411,True,True,True,True,True,True,True,10,0,0,0,0.0,0.0,119,119th Congress so far (2025–),119
B001313,Shontel M. Brown,House,Democratic,OH,11,OH-11,Representative,True,2021-11-04,4.8,456863,False,False,False,False,True,True,True,19,0,0,0,0.0,0.0,119,119th Congress so far (2025–),119
B001306,Troy Balderson,House,Republican,OH,12,OH-12,Representative,True,2018-09-05,7.9,412747,False,False,True,True,True,True,True,21,0,0,0,0.0,0.0,119,119th Congress so far (2025–),119
S001223,Emilia Strong Sykes,House,Democratic,OH,13,OH-13,Representative,True,2023-01-03,3.6,456930,False,False,False,False,False,True,True,33,1,0,1,0.030303030303030304,0.030303030303030304,119,119th Congress so far (2025–),119
J000295,David P. Joyce,House,Republican,OH,14,OH-14,Representative,True,2013-01-03,13.6,412566,True,True,True,True,True,True,True,19,0,0,0,0.0,0.0,119,119th Congress so far (2025–),119
C001126,Mike Carey,House,Republican,OH,15,OH-15,Representative,True,2021-11-04,4.8,456864,False,False,False,False,True,True,True,30,1,0,1,0.03333333333333333,0.03333333333333333,119,119th Congress so far (2025–),119
T000490,David J. Taylor,House,Republican,OH,2,OH-2,Representative,True,2025-01-03,1.6,457014,False,False,False,False,False,False,True,30,0,0,0,0.0,0.0,119,119th Congress so far (2025–),119
B001281,Joyce Beatty,House,Democratic,OH,3,OH-3,Representative,True,2013-01-03,13.6,412565,True,True,True,True,True,True,True,14,0,0,0,0.0,0.0,119,119th Congress so far (2025–),119
J000289,Jim Jordan,House,Republican,OH,4,OH-4,Representative,True,2007-01-04,19.6,412226,True,True,True,True,True,True,True,0,0,0,0,,,119,119th Congress so far (2025–),119
L000566,Robert E. Latta,House,Republican,OH,5,OH-5,Representative,True,2007-12-13,18.7,412256,True,True,True,True,True,True,True,18,1,0,1,0.05555555555555555,0.05555555555555555,119,119th Congress so far (2025–),119
R000619,Michael A. Rulli,House,Republican,OH,6,OH-6,Representative,True,2024-06-11,2.2,456959,False,False,False,False,False,True,True,15,0,0,0,0.0,0.0,119,119th Congress so far (2025–),119
M001222,Max L. Miller,House,Republican,OH,7,OH-7,Representative,True,2023-01-03,3.6,456929,False,False,False,False,False,True,True,24,0,0,0,0.0,0.0,119,119th Congress so far (2025–),119
D000626,Warren Davidson,House,Republican,OH,8,OH-8,Representative,True,2016-06-09,10.2,412675,False,True,True,True,True,True,True,37,0,0,0,0.0,0.0,119,119th Congress so far (2025–),119
K000009,Marcy Kaptur,House,Democratic,OH,9,OH-9,Representative,True,1983-01-03,43.6,400211,True,True,True,True,True,True,True,9,0,0,0,0.0,0.0,119,119th Congress so far (2025–),119
H001082,Kevin Hern,House,Republican,OK,1,OK-1,Representative,True,2018-11-13,7.8,412748,False,False,True,True,True,True,True,14,1,0,1,0.07142857142857142,0.07142857142857142,119,119th Congress so far (2025–),119
B001317,Josh Brecheen,House,Republican,OK,2,OK-2,Representative,True,2023-01-03,3.6,456931,False,False,False,False,False,True,True,11,0,0,0,0.0,0.0,119,119th Congress so far (2025–),119
L000491,Frank D. Lucas,House,Republican,OK,3,OK-3,Representative,True,1993-05-10,33.3,400247,True,True,True,True,True,True,True,14,0,0,0,0.0,0.0,119,119th Congress so far (2025–),119
C001053,Tom Cole,House,Republican,OK,4,OK-4,Representative,True,2003-01-07,23.6,400077,True,True,True,True,True,True,True,15,5,0,5,0.3333333333333333,0.3333333333333333,119,119th Congress so far (2025–),119
B000740,Stephanie I. Bice,House,Republican,OK,5,OK-5,Representative,True,2021-01-03,5.6,456841,False,False,False,False,True,True,True,29,2,0,2,0.06896551724137931,0.06896551724137931,119,119th Congress so far (2025–),119
B001278,Suzanne Bonamici,House,Democratic,OR,1,OR-1,Representative,True,2012-02-07,14.5,412501,True,True,True,True,True,True,True,48,1,0,1,0.020833333333333332,0.020833333333333332,119,119th Congress so far (2025–),119
B000668,Cliff Bentz,House,Republican,OR,2,OR-2,Representative,True,2021-01-03,5.6,456842,False,False,False,False,True,True,True,15,0,0,0,0.0,0.0,119,119th Congress so far (2025–),119
D000635,Maxine Dexter,House,Democratic,OR,3,OR-3,Representative,True,2025-01-03,1.6,457015,False,False,False,False,False,False,True,15,1,0,1,0.06666666666666667,0.06666666666666667,119,119th Congress so far (2025–),119
H001094,Val T. Hoyle,House,Democratic,OR,4,OR-4,Representative,True,2023-01-03,3.6,456932,False,False,False,False,False,True,True,14,0,0,0,0.0,0.0,119,119th Congress so far (2025–),119
B001326,Janelle S. Bynum,House,Democratic,OR,5,OR-5,Representative,True,2025-01-03,1.6,457016,False,False,False,False,False,False,True,20,0,0,0,0.0,0.0,119,119th Congress so far (2025–),119
S001226,Andrea Salinas,House,Democratic,OR,6,OR-6,Representative,True,2023-01-03,3.6,456934,False,False,False,False,False,True,True,34,0,0,0,0.0,0.0,119,119th Congress so far (2025–),119
F000466,Brian K. Fitzpatrick,House,Republican,PA,1,PA-1,Representative,True,2017-01-03,9.6,412721,False,False,True,True,True,True,True,66,1,0,1,0.015151515151515152,0.015151515151515152,119,119th Congress so far (2025–),119
P000605,Scott Perry,House,Republican,PA,10,PA-10,Representative,True,2013-01-03,13.6,412569,True,True,True,True,True,True,True,51,0,0,0,0.0,0.0,119,119th Congress so far (2025–),119
S001199,Lloyd Smucker,House,Republican,PA,11,PA-11,Representative,True,2017-01-03,9.6,412722,False,False,True,True,True,True,True,32,1,0,1,0.03125,0.03125,119,119th Congress so far (2025–),119
L000602,Summer L. Lee,House,Democratic,PA,12,PA-12,Representative,True,2023-01-03,3.6,456935,False,False,False,False,False,True,True,18,0,0,0,0.0,0.0,119,119th Congress so far (2025–),119
J000302,John Joyce,House,Republican,PA,13,PA-13,Representative,True,2019-01-03,7.6,412812,False,False,False,True,True,True,True,23,1,0,1,0.043478260869565216,0.043478260869565216,119,119th Congress so far (2025–),119
R000610,Guy Reschenthaler,House,Republican,PA,14,PA-14,Representative,True,2019-01-03,7.6,412813,False,False,False,True,True,True,True,6,0,0,0,0.0,0.0,119,119th Congress so far (2025–),119
T000467,Glenn Thompson,House,Republican,PA,15,PA-15,Representative,True,2009-01-06,17.6,412317,True,True,True,True,True,True,True,30,0,0,0,0.0,0.0,119,119th Congress so far (2025–),119
K000376,Mike Kelly,House,Republican,PA,16,PA-16,Representative,True,2011-01-05,15.6,412465,True,True,True,True,True,True,True,29,0,0,0,0.0,0.0,119,119th Congress so far (2025–),119
D000530,Christopher R. Deluzio,House,Democratic,PA,17,PA-17,Representative,True,2023-01-03,3.6,456936,False,False,False,False,False,True,True,33,0,0,0,0.0,0.0,119,119th Congress so far (2025–),119
B001296,Brendan F. Boyle,House,Democratic,PA,2,PA-2,Representative,True,2015-01-06,11.6,412652,False,True,True,True,True,True,True,16,0,0,0,0.0,0.0,119,119th Congress so far (2025–),119
E000296,Dwight Evans,House,Democratic,PA,3,PA-3,Representative,True,2016-11-14,9.7,412677,False,True,True,True,True,True,True,10,0,0,0,0.0,0.0,119,119th Congress so far (2025–),119
D000631,Madeleine Dean,House,Democratic,PA,4,PA-4,Representative,True,2019-01-03,7.6,412809,False,False,False,True,True,True,True,16,0,0,0,0.0,0.0,119,119th Congress so far (2025–),119
S001205,Mary Gay Scanlon,House,Democratic,PA,5,PA-5,Representative,True,2018-11-13,7.8,412750,False,False,True,True,True,True,True,22,0,1,1,0.045454545454545456,0.0,119,119th Congress so far (2025–),119
H001085,Chrissy Houlahan,House,Democratic,PA,6,PA-6,Representative,True,2019-01-03,7.6,412810,False,False,False,True,True,True,True,25,0,0,0,0.0,0.0,119,119th Congress so far (2025–),119
M001230,Ryan Mackenzie,House,Republican,PA,7,PA-7,Representative,True,2025-01-03,1.6,457017,False,False,False,False,False,False,True,26,0,0,0,0.0,0.0,119,119th Congress so far (2025–),119
B001327,"Robert P. Bresnahan, Jr.",House,Republican,PA,8,PA-8,Representative,True,2025-01-03,1.6,457018,False,False,False,False,False,False,True,18,0,0,0,0.0,0.0,119,119th Congress so far (2025–),119
M001204,Daniel Meuser,House,Republican,PA,9,PA-9,Representative,True,2019-01-03,7.6,412811,False,False,False,True,True,True,True,16,1,0,1,0.0625,0.0625,119,119th Congress so far (2025–),119
H001103,Pablo José Hernández,House,Democratic,PR,At-Large,PR-AL,Delegate/Resident Commissioner,False,2025-01-03,1.6,457019,False,False,False,False,False,False,True,26,0,0,0,0.0,0.0,119,119th Congress so far (2025–),119
A000380,Gabe Amo,House,Democratic,RI,1,RI-1,Representative,True,2023-11-07,2.8,456955,False,False,False,False,False,True,True,17,0,0,0,0.0,0.0,119,119th Congress so far (2025–),119
M001223,Seth Magaziner,House,Democratic,RI,2,RI-2,Representative,True,2023-01-03,3.6,456937,False,False,False,False,False,True,True,24,0,0,0,0.0,0.0,119,119th Congress so far (2025–),119
M000194,Nancy Mace,House,Republican,SC,1,SC-1,Representative,True,2021-01-03,5.6,456843,False,False,False,False,True,True,True,84,0,0,0,0.0,0.0,119,119th Congress so far (2025–),119
W000795,Joe Wilson,House,Republican,SC,2,SC-2,Representative,True,2001-12-18,24.7,400433,True,True,True,True,True,True,True,30,0,0,0,0.0,0.0,119,119th Congress so far (2025–),119
B001325,Sheri Biggs,House,Republican,SC,3,SC-3,Representative,True,2025-01-03,1.6,457020,False,False,False,False,False,False,True,16,0,0,0,0.0,0.0,119,119th Congress so far (2025–),119
T000480,William R. Timmons IV,House,Republican,SC,4,SC-4,Representative,True,2019-01-03,7.6,412815,False,False,False,True,True,True,True,11,0,0,0,0.0,0.0,119,119th Congress so far (2025–),119
N000190,Ralph Norman,House,Republican,SC,5,SC-5,Representative,True,2017-06-26,9.1,412738,False,False,True,True,True,True,True,19,1,0,1,0.05263157894736842,0.05263157894736842,119,119th Congress so far (2025–),119
C000537,James E. Clyburn,House,Democratic,SC,6,SC-6,Representative,True,1993-01-05,33.6,400075,True,True,True,True,True,True,True,3,0,0,0,0.0,0.0,119,119th Congress so far (2025–),119
F000478,Russell Fry,House,Republican,SC,7,SC-7,Representative,True,2023-01-03,3.6,456938,False,False,False,False,False,True,True,17,2,0,2,0.11764705882352941,0.11764705882352941,119,119th Congress so far (2025–),119
J000301,Dusty Johnson,House,Republican,SD,At-Large,SD-AL,Representative,True,2019-01-03,7.6,412816,False,False,False,True,True,True,True,35,2,0,2,0.05714285714285714,0.05714285714285714,119,119th Congress so far (2025–),119
H001086,Diana Harshbarger,House,Republican,TN,1,TN-1,Representative,True,2021-01-03,5.6,456844,False,False,False,False,True,True,True,32,0,0,0,0.0,0.0,119,119th Congress so far (2025–),119
B001309,Tim Burchett,House,Republican,TN,2,TN-2,Representative,True,2019-01-03,7.6,412817,False,False,False,True,True,True,True,58,0,0,0,0.0,0.0,119,119th Congress so far (2025–),119
F000459,"Charles J. ""Chuck"" Fleischmann",House,Republican,TN,3,TN-3,Representative,True,2011-01-05,15.6,412476,True,True,True,True,True,True,True,8,0,0,0,0.0,0.0,119,119th Congress so far (2025–),119
D000616,Scott DesJarlais,House,Republican,TN,4,TN-4,Representative,True,2011-01-05,15.6,412477,True,True,True,True,True,True,True,1,0,0,0,0.0,0.0,119,119th Congress so far (2025–),119
O000175,Andrew Ogles,House,Republican,TN,5,TN-5,Representative,True,2023-01-03,3.6,456939,False,False,False,False,False,True,True,43,0,0,0,0.0,0.0,119,119th Congress so far (2025–),119
R000612,John W. Rose,House,Republican,TN,6,TN-6,Representative,True,2019-01-03,7.6,412818,False,False,False,True,True,True,True,12,2,0,2,0.16666666666666666,0.16666666666666666,119,119th Congress so far (2025–),119
V000139,Matt Van Epps,House,Republican,TN,7,TN-7,Representative,True,2025-12-04,0.7,457038,False,False,False,False,False,False,True,6,0,0,0,0.0,0.0,119,119th Congress so far (2025–),119
K000392,David Kustoff,House,Republican,TN,8,TN-8,Representative,True,2017-01-03,9.6,412724,False,False,True,True,True,True,True,26,1,0,1,0.038461538461538464,0.038461538461538464,119,119th Congress so far (2025–),119
C001068,Steve Cohen,House,Democratic,TN,9,TN-9,Representative,True,2007-01-04,19.6,412236,True,True,True,True,True,True,True,49,0,0,0,0.0,0.0,119,119th Congress so far (2025–),119
M001224,Nathaniel Moran,House,Republican,TX,1,TX-1,Representative,True,2023-01-03,3.6,456940,False,False,False,False,False,True,True,24,0,0,0,0.0,0.0,119,119th Congress so far (2025–),119
M001157,Michael T. McCaul,House,Republican,TX,10,TX-10,Representative,True,2005-01-04,21.6,400654,True,True,True,True,True,True,True,9,0,0,0,0.0,0.0,119,119th Congress so far (2025–),119
P000048,August Pfluger,House,Republican,TX,11,TX-11,Representative,True,2021-01-03,5.6,456846,False,False,False,False,True,True,True,57,1,0,1,0.017543859649122806,0.017543859649122806,119,119th Congress so far (2025–),119
G000601,Craig A. Goldman,House,Republican,TX,12,TX-12,Representative,True,2025-01-03,1.6,457021,False,False,False,False,False,False,True,12,1,0,1,0.08333333333333333,0.08333333333333333,119,119th Congress so far (2025–),119
J000304,Ronny Jackson,House,Republican,TX,13,TX-13,Representative,True,2021-01-03,5.6,456847,False,False,False,False,True,True,True,31,1,0,1,0.03225806451612903,0.03225806451612903,119,119th Congress so far (2025–),119
W000814,"Randy K. Weber, Sr.",House,Republican,TX,14,TX-14,Representative,True,2013-01-03,13.6,412574,True,True,True,True,True,True,True,19,0,0,0,0.0,0.0,119,119th Congress so far (2025–),119
D000594,Monica De La Cruz,House,Republican,TX,15,TX-15,Representative,True,2023-01-03,3.6,456943,False,False,False,False,False,True,True,32,1,0,1,0.03125,0.03125,119,119th Congress so far (2025–),119
E000299,Veronica Escobar,House,Democratic,TX,16,TX-16,Representative,True,2019-01-03,7.6,412825,False,False,False,True,True,True,True,18,0,0,0,0.0,0.0,119,119th Congress so far (2025–),119
S000250,Pete Sessions,House,Republican,TX,17,TX-17,Representative,True,1997-01-07,29.6,400367,True,True,True,False,True,True,True,19,0,0,0,0.0,0.0,119,119th Congress so far (2025–),119
M001245,Christian D. Menefee,House,Democratic,TX,18,TX-18,Representative,True,2026-02-02,0.5,457039,False,False,False,False,False,False,True,4,0,0,0,0.0,0.0,119,119th Congress so far (2025–),119
A000375,Jodey C. Arrington,House,Republican,TX,19,TX-19,Representative,True,2017-01-03,9.6,412726,False,False,True,True,True,True,True,51,1,0,1,0.0196078431372549,0.0196078431372549,119,119th Congress so far (2025–),119
C001120,Dan Crenshaw,House,Republican,TX,2,TX-2,Representative,True,2019-01-03,7.6,412820,False,False,False,True,True,True,True,23,0,0,0,0.0,0.0,119,119th Congress so far (2025–),119
C001091,Joaquin Castro,House,Democratic,TX,20,TX-20,Representative,True,2013-01-03,13.6,412576,True,True,True,True,True,True,True,16,1,0,1,0.0625,0.0625,119,119th Congress so far (2025–),119
R000614,Chip Roy,House,Republican,TX,21,TX-21,Representative,True,2019-01-03,7.6,412826,False,False,False,True,True,True,True,61,0,0,0,0.0,0.0,119,119th Congress so far (2025–),119
N000026,Troy E. Nehls,House,Republican,TX,22,TX-22,Representative,True,2021-01-03,5.6,456848,False,False,False,False,True,True,True,30,1,0,1,0.03333333333333333,0.03333333333333333,119,119th Congress so far (2025–),119
V000134,Beth Van Duyne,House,Republican,TX,24,TX-24,Representative,True,2021-01-03,5.6,456850,False,False,False,False,True,True,True,45,0,0,0,0.0,0.0,119,119th Congress so far (2025–),119
W000816,Roger Williams,House,Republican,TX,25,TX-25,Representative,True,2013-01-03,13.6,412578,True,True,True,True,True,True,True,31,0,0,0,0.0,0.0,119,119th Congress so far (2025–),119
G000603,Brandon Gill,House,Republican,TX,26,TX-26,Representative,True,2025-01-03,1.6,457023,False,False,False,False,False,False,True,23,1,0,1,0.043478260869565216,0.043478260869565216,119,119th Congress so far (2025–),119
C001115,Michael Cloud,House,Republican,TX,27,TX-27,Representative,True,2018-07-10,8.1,412746,False,False,True,True,True,True,True,24,0,0,0,0.0,0.0,119,119th Congress so far (2025–),119
C001063,Henry Cuellar,House,Democratic,TX,28,TX-28,Representative,True,2005-01-04,21.6,400657,True,True,True,True,True,True,True,2,0,0,0,0.0,0.0,119,119th Congress so far (2025–),119
G000587,Sylvia R. Garcia,House,Democratic,TX,29,TX-29,Representative,True,2019-01-03,7.6,412827,False,False,False,True,True,True,True,14,2,0,2,0.14285714285714285,0.14285714285714285,119,119th Congress so far (2025–),119
S001224,Keith Self,House,Republican,TX,3,TX-3,Representative,True,2023-01-03,3.6,456941,False,False,False,False,False,True,True,54,0,0,0,0.0,0.0,119,119th Congress so far (2025–),119
C001130,Jasmine Crockett,House,Democratic,TX,30,TX-30,Representative,True,2023-01-03,3.6,456944,False,False,False,False,False,True,True,16,0,0,0,0.0,0.0,119,119th Congress so far (2025–),119
C001051,John R. Carter,House,Republican,TX,31,TX-31,Representative,True,2003-01-07,23.6,400068,True,True,True,True,True,True,True,4,1,0,1,0.25,0.25,119,119th Congress so far (2025–),119
J000310,Julie Johnson,House,Democratic,TX,32,TX-32,Representative,True,2025-01-03,1.6,457024,False,False,False,False,False,False,True,23,0,0,0,0.0,0.0,119,119th Congress so far (2025–),119
V000131,Marc A. Veasey,House,Democratic,TX,33,TX-33,Representative,True,2013-01-03,13.6,412579,True,True,True,True,True,True,True,6,0,0,0,0.0,0.0,119,119th Congress so far (2025–),119
G000581,Vicente Gonzalez,House,Democratic,TX,34,TX-34,Representative,True,2017-01-03,9.6,412725,False,False,True,True,True,True,True,9,0,0,0,0.0,0.0,119,119th Congress so far (2025–),119
C001131,Greg Casar,House,Democratic,TX,35,TX-35,Representative,True,2023-01-03,3.6,456945,False,False,False,False,False,True,True,8,0,0,0,0.0,0.0,119,119th Congress so far (2025–),119
B001291,Brian Babin,House,Republican,TX,36,TX-36,Representative,True,2015-01-06,11.6,412655,False,True,True,True,True,True,True,15,1,0,1,0.06666666666666667,0.06666666666666667,119,119th Congress so far (2025–),119
D000399,Lloyd Doggett,House,Democratic,TX,37,TX-37,Representative,True,1995-01-04,31.6,400111,True,True,True,True,True,True,True,22,0,0,0,0.0,0.0,119,119th Congress so far (2025–),119
H001095,Wesley Hunt,House,Republican,TX,38,TX-38,Representative,True,2023-01-03,3.6,456946,False,False,False,False,False,True,True,16,0,0,0,0.0,0.0,119,119th Congress so far (2025–),119
F000246,Pat Fallon,House,Republican,TX,4,TX-4,Representative,True,2021-01-03,5.6,456845,False,False,False,False,True,True,True,19,0,0,0,0.0,0.0,119,119th Congress so far (2025–),119
G000589,Lance Gooden,House,Republican,TX,5,TX-5,Representative,True,2019-01-03,7.6,412822,False,False,False,True,True,True,True,13,0,0,0,0.0,0.0,119,119th Congress so far (2025–),119
E000071,Jake Ellzey,House,Republican,TX,6,TX-6,Representative,True,2021-07-30,5.0,456862,False,False,False,False,True,True,True,2,0,0,0,0.0,0.0,119,119th Congress so far (2025–),119
F000468,Lizzie Fletcher,House,Democratic,TX,7,TX-7,Representative,True,2019-01-03,7.6,412824,False,False,False,True,True,True,True,9,0,0,0,0.0,0.0,119,119th Congress so far (2025–),119
L000603,Morgan Luttrell,House,Republican,TX,8,TX-8,Representative,True,2023-01-03,3.6,456942,False,False,False,False,False,True,True,21,1,1,2,0.09523809523809523,0.047619047619047616,119,119th Congress so far (2025–),119
G000553,Al Green,House,Democratic,TX,9,TX-9,Representative,True,2005-01-04,21.6,400653,True,True,True,True,True,True,True,24,0,0,0,0.0,0.0,119,119th Congress so far (2025–),119
M001213,Blake D. Moore,House,Republican,UT,1,UT-1,Representative,True,2021-01-03,5.6,456851,False,False,False,False,True,True,True,41,1,0,1,0.024390243902439025,0.024390243902439025,119,119th Congress so far (2025–),119
M001228,Celeste Maloy,House,Republican,UT,2,UT-2,Representative,True,2023-11-21,2.7,456956,False,False,False,False,False,True,True,23,1,0,1,0.043478260869565216,0.043478260869565216,119,119th Congress so far (2025–),119
K000403,Mike Kennedy,House,Republican,UT,3,UT-3,Representative,True,2025-01-03,1.6,457025,False,False,False,False,False,False,True,34,0,0,0,0.0,0.0,119,119th Congress so far (2025–),119
O000086,Burgess Owens,House,Republican,UT,4,UT-4,Representative,True,2021-01-03,5.6,456852,False,False,False,False,True,True,True,25,0,0,0,0.0,0.0,119,119th Congress so far (2025–),119
W000804,Robert J. Wittman,House,Republican,VA,1,VA-1,Representative,True,2007-12-13,18.7,412255,True,True,True,True,True,True,True,20,1,0,1,0.05,0.05,119,119th Congress so far (2025–),119
S001230,Suhas Subramanyam,House,Democratic,VA,10,VA-10,Representative,True,2025-01-03,1.6,457028,False,False,False,False,False,False,True,35,0,0,0,0.0,0.0,119,119th Congress so far (2025–),119
W000831,James R. Walkinshaw,House,Democratic,VA,11,VA-11,Representative,True,2025-09-10,0.9,457036,False,False,False,False,False,False,True,18,0,0,0,0.0,0.0,119,119th Congress so far (2025–),119
K000399,Jennifer A. Kiggans,House,Republican,VA,2,VA-2,Representative,True,2023-01-03,3.6,456947,False,False,False,False,False,True,True,50,0,0,0,0.0,0.0,119,119th Congress so far (2025–),119
S000185,"Robert C. ""Bobby"" Scott",House,Democratic,VA,3,VA-3,Representative,True,1993-01-05,33.6,400364,True,True,True,True,True,True,True,15,0,0,0,0.0,0.0,119,119th Congress so far (2025–),119
M001227,Jennifer L. McClellan,House,Democratic,VA,4,VA-4,Representative,True,2023-03-07,3.4,456953,False,False,False,False,False,True,True,20,0,0,0,0.0,0.0,119,119th Congress so far (2025–),119
M001239,John J. McGuire III,House,Republican,VA,5,VA-5,Representative,True,2025-01-03,1.6,457026,False,False,False,False,False,False,True,18,0,0,0,0.0,0.0,119,119th Congress so far (2025–),119
C001118,Ben Cline,House,Republican,VA,6,VA-6,Representative,True,2019-01-03,7.6,412832,False,False,False,True,True,True,True,28,0,0,0,0.0,0.0,119,119th Congress so far (2025–),119
V000138,Eugene Simon Vindman,House,Democratic,VA,7,VA-7,Representative,True,2025-01-03,1.6,457027,False,False,False,False,False,False,True,65,0,0,0,0.0,0.0,119,119th Congress so far (2025–),119
B001292,"Donald S. Beyer, Jr.",House,Democratic,VA,8,VA-8,Representative,True,2015-01-06,11.6,412657,False,True,True,True,True,True,True,56,0,0,0,0.0,0.0,119,119th Congress so far (2025–),119
G000568,H. Morgan Griffith,House,Republican,VA,9,VA-9,Representative,True,2011-01-05,15.6,412485,True,True,True,True,True,True,True,26,3,0,3,0.11538461538461539,0.11538461538461539,119,119th Congress so far (2025–),119
P000610,Stacey E. Plaskett,House,Democratic,VI,At-Large,VI-AL,Delegate/Resident Commissioner,False,2015-01-06,11.6,412659,False,True,True,True,True,True,True,18,0,0,0,0.0,0.0,119,119th Congress so far (2025–),119
B001318,Becca Balint,House,Democratic,VT,At-Large,VT-AL,Representative,True,2023-01-03,3.6,456948,False,False,False,False,False,True,True,18,0,0,0,0.0,0.0,119,119th Congress so far (2025–),119
D000617,Suzan K. DelBene,House,Democratic,WA,1,WA-1,Representative,True,2012-11-13,13.8,412505,True,True,True,True,True,True,True,14,0,0,0,0.0,0.0,119,119th Congress so far (2025–),119
S001159,Marilyn Strickland,House,Democratic,WA,10,WA-10,Representative,True,2021-01-03,5.6,456854,False,False,False,False,True,True,True,28,1,0,1,0.03571428571428571,0.03571428571428571,119,119th Congress so far (2025–),119
L000560,Rick Larsen,House,Democratic,WA,2,WA-2,Representative,True,2001-01-03,25.6,400232,True,True,True,True,True,True,True,12,0,0,0,0.0,0.0,119,119th Congress so far (2025–),119
G000600,Marie Gluesenkamp Perez,House,Democratic,WA,3,WA-3,Representative,True,2023-01-03,3.6,456949,False,False,False,False,False,True,True,21,0,0,0,0.0,0.0,119,119th Congress so far (2025–),119
N000189,Dan Newhouse,House,Republican,WA,4,WA-4,Representative,True,2015-01-06,11.6,412660,False,True,True,True,True,True,True,22,1,1,2,0.09090909090909091,0.045454545454545456,119,119th Congress so far (2025–),119
B001322,Michael Baumgartner,House,Republican,WA,5,WA-5,Representative,True,2025-01-03,1.6,457029,False,False,False,False,False,False,True,20,0,0,0,0.0,0.0,119,119th Congress so far (2025–),119
R000621,Emily Randall,House,Democratic,WA,6,WA-6,Representative,True,2025-01-03,1.6,457030,False,False,False,False,False,False,True,12,0,0,0,0.0,0.0,119,119th Congress so far (2025–),119
J000298,Pramila Jayapal,House,Democratic,WA,7,WA-7,Representative,True,2017-01-03,9.6,412730,False,False,True,True,True,True,True,34,0,0,0,0.0,0.0,119,119th Congress so far (2025–),119
S001216,Kim Schrier,House,Democratic,WA,8,WA-8,Representative,True,2019-01-03,7.6,412835,False,False,False,True,True,True,True,21,0,0,0,0.0,0.0,119,119th Congress so far (2025–),119
S000510,Adam Smith,House,Democratic,WA,9,WA-9,Representative,True,1997-01-07,29.6,400379,True,True,True,True,True,True,True,19,0,0,0,0.0,0.0,119,119th Congress so far (2025–),119
S001213,Bryan Steil,House,Republican,WI,1,WI-1,Representative,True,2019-01-03,7.6,412836,False,False,False,True,True,True,True,22,0,0,0,0.0,0.0,119,119th Congress so far (2025–),119
P000607,Mark Pocan,House,Democratic,WI,2,WI-2,Representative,True,2013-01-03,13.6,412585,True,True,True,True,True,True,True,17,0,0,0,0.0,0.0,119,119th Congress so far (2025–),119
V000135,Derrick Van Orden,House,Republican,WI,3,WI-3,Representative,True,2023-01-03,3.6,456950,False,False,False,False,False,True,True,29,2,0,2,0.06896551724137931,0.06896551724137931,119,119th Congress so far (2025–),119
M001160,Gwen Moore,House,Democratic,WI,4,WI-4,Representative,True,2005-01-04,21.6,400661,True,True,True,True,True,True,True,24,0,0,0,0.0,0.0,119,119th Congress so far (2025–),119
F000471,Scott Fitzgerald,House,Republican,WI,5,WI-5,Representative,True,2021-01-03,5.6,456855,False,False,False,False,True,True,True,30,0,0,0,0.0,0.0,119,119th Congress so far (2025–),119
G000576,Glenn Grothman,House,Republican,WI,6,WI-6,Representative,True,2015-01-06,11.6,412661,False,True,True,True,True,True,True,34,0,0,0,0.0,0.0,119,119th Congress so far (2025–),119
T000165,Thomas P. Tiffany,House,Republican,WI,7,WI-7,Representative,True,2020-05-19,6.2,456791,False,False,False,True,True,True,True,16,0,0,0,0.0,0.0,119,119th Congress so far (2025–),119
W000829,Tony Wied,House,Republican,WI,8,WI-8,Representative,True,2024-11-05,1.8,456963,False,False,False,False,False,True,True,18,0,0,0,0.0,0.0,119,119th Congress so far (2025–),119
M001205,Carol D. Miller,House,Republican,WV,1,WV-1,Representative,True,2019-01-03,7.6,412837,False,False,False,True,True,True,True,25,1,0,1,0.04,0.04,119,119th Congress so far (2025–),119
M001235,Riley M. Moore,House,Republican,WV,2,WV-2,Representative,True,2025-01-03,1.6,457031,False,False,False,False,False,False,True,12,0,0,0,0.0,0.0,119,119th Congress so far (2025–),119
H001096,Harriet M. Hageman,House,Republican,WY,At-Large,WY-AL,Representative,True,2023-01-03,3.6,456951,False,False,False,False,False,True,True,54,1,0,1,0.018518518518518517,0.018518518518518517,119,119th Congress so far (2025–),119
S001198,Dan Sullivan,Senate,Republican,AK,,AK,Senator,True,2015-01-06,11.6,412665,False,True,True,True,True,True,True,58,6,0,6,0.10344827586206896,0.10344827586206896,119,119th Congress so far (2025–),119
M001153,Lisa Murkowski,Senate,Republican,AK,,AK,Senator,True,2003-01-07,23.6,300075,True,True,True,True,True,True,True,51,2,0,2,0.0392156862745098,0.0392156862745098,119,119th Congress so far (2025–),119
B001319,Katie Boyd Britt,Senate,Republican,AL,,AL,Senator,True,2023-01-03,3.6,456874,False,False,False,False,False,True,True,26,2,0,2,0.07692307692307693,0.07692307692307693,119,119th Congress so far (2025–),119
T000278,Tommy Tuberville,Senate,Republican,AL,,AL,Senator,True,2021-01-03,5.6,456796,False,False,False,False,True,True,True,35,0,0,0,0.0,0.0,119,119th Congress so far (2025–),119
B001236,John Boozman,Senate,Republican,AR,,AR,Senator,True,2001-11-29,24.7,400040,True,True,True,True,True,True,True,16,0,0,0,0.0,0.0,119,119th Congress so far (2025–),119
C001095,Tom Cotton,Senate,Republican,AR,,AR,Senator,True,2013-01-03,13.6,412508,True,True,True,True,True,True,True,90,1,0,1,0.011111111111111112,0.011111111111111112,119,119th Congress so far (2025–),119
K000377,Mark Kelly,Senate,Democratic,AZ,,AZ,Senator,True,2020-12-02,5.7,456794,False,False,False,True,True,True,True,50,1,0,1,0.02,0.02,119,119th Congress so far (2025–),119
G000574,Ruben Gallego,Senate,Democratic,AZ,,AZ,Senator,True,2015-01-06,11.6,412612,False,True,True,True,True,True,True,52,1,0,1,0.019230769230769232,0.019230769230769232,119,119th Congress so far (2025–),119
S001150,Adam B. Schiff,Senate,Democratic,CA,,CA,Senator,True,2001-01-03,25.6,400361,True,True,True,True,True,True,True,87,0,0,0,0.0,0.0,119,119th Congress so far (2025–),119
P000145,Alex Padilla,Senate,Democratic,CA,,CA,Senator,True,2021-01-20,5.6,456856,False,False,False,False,True,True,True,97,0,0,0,0.0,0.0,119,119th Congress so far (2025–),119
H000273,John W. Hickenlooper,Senate,Democratic,CO,,CO,Senator,True,2021-01-03,5.6,456797,False,False,False,False,True,True,True,34,1,0,1,0.029411764705882353,0.029411764705882353,119,119th Congress so far (2025–),119
B001267,Michael F. Bennet,Senate,Democratic,CO,,CO,Senator,True,2009-01-22,17.6,412330,True,True,True,True,True,True,True,68,2,0,2,0.029411764705882353,0.029411764705882353,119,119th Congress so far (2025–),119
M001169,Christopher Murphy,Senate,Democratic,CT,,CT,Senator,True,2007-01-04,19.6,412194,True,True,True,True,True,True,True,40,0,0,0,0.0,0.0,119,119th Congress so far (2025–),119
B001277,Richard Blumenthal,Senate,Democratic,CT,,CT,Senator,True,2011-01-05,15.6,412490,True,True,True,True,True,True,True,104,0,0,0,0.0,0.0,119,119th Congress so far (2025–),119
C001088,Christopher A. Coons,Senate,Democratic,DE,,DE,Senator,True,2010-11-15,15.7,412390,True,True,True,True,True,True,True,51,1,0,1,0.0196078431372549,0.0196078431372549,119,119th Congress so far (2025–),119
B001303,Lisa Blunt Rochester,Senate,Democratic,DE,,DE,Senator,True,2017-01-03,9.6,412689,False,False,True,True,True,True,True,34,1,0,1,0.029411764705882353,0.029411764705882353,119,119th Congress so far (2025–),119
M001244,Ashley Moody,Senate,Republican,FL,,FL,Senator,True,2025-01-21,1.6,457033,False,False,False,False,False,False,True,43,1,0,1,0.023255813953488372,0.023255813953488372,119,119th Congress so far (2025–),119
S001217,Rick Scott,Senate,Republican,FL,,FL,Senator,True,2019-01-08,7.6,412838,False,False,False,True,True,True,True,149,0,1,1,0.006711409395973154,0.0,119,119th Congress so far (2025–),119
O000174,Jon Ossoff,Senate,Democratic,GA,,GA,Senator,True,2021-01-20,5.6,456857,False,False,False,False,True,True,True,20,0,0,0,0.0,0.0,119,119th Congress so far (2025–),119
W000790,Raphael G. Warnock,Senate,Democratic,GA,,GA,Senator,True,2021-01-20,5.6,456858,False,False,False,False,True,True,True,22,1,0,1,0.045454545454545456,0.045454545454545456,119,119th Congress so far (2025–),119
S001194,Brian Schatz,Senate,Democratic,HI,,HI,Senator,True,2012-12-27,13.6,412507,True,True,True,True,True,True,True,42,0,0,0,0.0,0.0,119,119th Congress so far (2025–),119
H001042,Mazie K. Hirono,Senate,Democratic,HI,,HI,Senator,True,2007-01-04,19.6,412200,True,True,True,True,True,True,True,39,1,0,1,0.02564102564102564,0.02564102564102564,119,119th Congress so far (2025–),119
G000386,Chuck Grassley,Senate,Republican,IA,,IA,Senator,True,1975-01-14,51.6,300048,True,True,True,True,True,True,True,64,0,0,0,0.0,0.0,119,119th Congress so far (2025–),119
E000295,Joni Ernst,Senate,Republican,IA,,IA,Senator,True,2015-01-06,11.6,412667,False,True,True,True,True,True,True,87,1,0,1,0.011494252873563218,0.011494252873563218,119,119th Congress so far (2025–),119
R000584,James E. Risch,Senate,Republican,ID,,ID,Senator,True,2009-01-06,17.6,412322,True,True,True,True,True,True,True,48,0,0,0,0.0,0.0,119,119th Congress so far (2025–),119
C000880,Mike Crapo,Senate,Republican,ID,,ID,Senator,True,1993-01-05,33.6,300030,True,True,True,True,True,True,True,23,1,0,1,0.043478260869565216,0.043478260869565216,119,119th Congress so far (2025–),119
D000563,Richard J. Durbin,Senate,Democratic,IL,,IL,Senator,True,1983-01-03,43.6,300038,True,True,True,True,True,True,True,106,1,0,1,0.009433962264150943,0.009433962264150943,119,119th Congress so far (2025–),119
D000622,Tammy Duckworth,Senate,Democratic,IL,,IL,Senator,True,2013-01-03,13.6,412533,True,True,True,True,True,True,True,54,1,0,1,0.018518518518518517,0.018518518518518517,119,119th Congress so far (2025–),119
B001299,Jim Banks,Senate,Republican,IN,,IN,Senator,True,2017-01-03,9.6,412702,False,False,True,True,True,True,True,96,1,1,2,0.020833333333333332,0.010416666666666666,119,119th Congress so far (2025–),119
Y000064,Todd Young,Senate,Republican,IN,,IN,Senator,True,2011-01-05,15.6,412428,True,True,True,True,True,True,True,53,0,0,0,0.0,0.0,119,119th Congress so far (2025–),119
M000934,Jerry Moran,Senate,Republican,KS,,KS,Senator,True,1997-01-07,29.6,400284,True,True,True,True,True,True,True,70,3,0,3,0.04285714285714286,0.04285714285714286,119,119th Congress so far (2025–),119
M001198,Roger Marshall,Senate,Republican,KS,,KS,Senator,True,2017-01-03,9.6,412704,False,False,True,True,True,True,True,63,1,0,1,0.015873015873015872,0.015873015873015872,119,119th Congress so far (2025–),119
M000355,Mitch McConnell,Senate,Republican,KY,,KY,Senator,True,1985-01-03,41.6,300072,True,True,True,True,True,True,True,7,2,0,2,0.2857142857142857,0.2857142857142857,119,119th Congress so far (2025–),119
P000603,Rand Paul,Senate,Republican,KY,,KY,Senator,True,2011-01-05,15.6,412492,True,True,True,True,True,True,True,50,0,0,0,0.0,0.0,119,119th Congress so far (2025–),119
C001075,Bill Cassidy,Senate,Republican,LA,,LA,Senator,True,2009-01-06,17.6,412269,True,True,True,True,True,True,True,101,2,0,2,0.019801980198019802,0.019801980198019802,119,119th Congress so far (2025–),119
K000393,John Kennedy,Senate,Republican,LA,,LA,Senator,True,2017-01-03,9.6,412679,False,False,True,True,True,True,True,73,4,0,4,0.0547945205479452,0.0547945205479452,119,119th Congress so far (2025–),119
M000133,Edward J. Markey,Senate,Democratic,MA,,MA,Senator,True,1975-01-14,51.6,400253,True,True,True,True,True,True,True,135,1,0,1,0.007407407407407408,0.007407407407407408,119,119th Congress so far (2025–),119
W000817,Elizabeth Warren,Senate,Democratic,MA,,MA,Senator,True,2013-01-03,13.6,412542,True,True,True,True,True,True,True,74,0,0,0,0.0,0.0,119,119th Congress so far (2025–),119
A000382,Angela D. Alsobrooks,Senate,Democratic,MD,,MD,Senator,True,2025-01-03,1.6,456965,False,False,False,False,False,False,True,34,0,0,0,0.0,0.0,119,119th Congress so far (2025–),119
V000128,Chris Van Hollen,Senate,Democratic,MD,,MD,Senator,True,2003-01-07,23.6,400415,True,True,True,True,True,True,True,61,0,0,0,0.0,0.0,119,119th Congress so far (2025–),119
K000383,"Angus S. King, Jr.",Senate,Independent,ME,,ME,Senator,True,2013-01-03,13.6,412545,True,True,True,True,True,True,True,32,1,0,1,0.03125,0.03125,119,119th Congress so far (2025–),119
C001035,Susan M. Collins,Senate,Republican,ME,,ME,Senator,True,1997-01-07,29.6,300025,True,True,True,True,True,True,True,22,0,0,0,0.0,0.0,119,119th Congress so far (2025–),119
S001208,Elissa Slotkin,Senate,Democratic,MI,,MI,Senator,True,2019-01-03,7.6,412784,False,False,False,True,True,True,True,28,0,0,0,0.0,0.0,119,119th Congress so far (2025–),119
P000595,Gary C. Peters,Senate,Democratic,MI,,MI,Senator,True,2009-01-06,17.6,412305,True,True,True,True,True,True,True,73,2,0,2,0.0273972602739726,0.0273972602739726,119,119th Congress so far (2025–),119
K000367,Amy Klobuchar,Senate,Democratic,MN,,MN,Senator,True,2007-01-04,19.6,412242,True,True,True,True,True,True,True,79,1,0,1,0.012658227848101266,0.012658227848101266,119,119th Congress so far (2025–),119
S001203,Tina Smith,Senate,Democratic,MN,,MN,Senator,True,2018-01-03,8.6,412742,False,False,True,True,True,True,True,39,0,0,0,0.0,0.0,119,119th Congress so far (2025–),119
S001227,Eric Schmitt,Senate,Republican,MO,,MO,Senator,True,2023-01-03,3.6,456875,False,False,False,False,False,True,True,46,0,1,1,0.021739130434782608,0.0,119,119th Congress so far (2025–),119
H001089,Josh Hawley,Senate,Republican,MO,,MO,Senator,True,2019-01-03,7.6,412840,False,False,False,True,True,True,True,46,0,0,0,0.0,0.0,119,119th Congress so far (2025–),119
H001079,Cindy Hyde-Smith,Senate,Republican,MS,,MS,Senator,True,2018-04-09,8.4,412743,False,False,True,True,True,True,True,31,0,0,0,0.0,0.0,119,119th Congress so far (2025–),119
W000437,Roger F. Wicker,Senate,Republican,MS,,MS,Senator,True,1995-01-04,31.6,400432,True,True,True,True,True,True,True,33,1,0,1,0.030303030303030304,0.030303030303030304,119,119th Congress so far (2025–),119
D000618,Steve Daines,Senate,Republican,MT,,MT,Senator,True,2013-01-03,13.6,412549,True,True,True,True,True,True,True,50,2,0,2,0.04,0.04,119,119th Congress so far (2025–),119
S001232,Tim Sheehy,Senate,Republican,MT,,MT,Senator,True,2025-01-03,1.6,456966,False,False,False,False,False,False,True,74,2,0,2,0.02702702702702703,0.02702702702702703,119,119th Congress so far (2025–),119
B001305,Ted Budd,Senate,Republican,NC,,NC,Senator,True,2017-01-03,9.6,412712,False,False,True,True,True,True,True,55,0,0,0,0.0,0.0,119,119th Congress so far (2025–),119
T000476,Thom Tillis,Senate,Republican,NC,,NC,Senator,True,2015-01-06,11.6,412668,False,True,True,True,True,True,True,49,1,0,1,0.02040816326530612,0.02040816326530612,119,119th Congress so far (2025–),119
H001061,John Hoeven,Senate,Republican,ND,,ND,Senator,True,2011-01-05,15.6,412494,True,True,True,True,True,True,True,20,1,0,1,0.05,0.05,119,119th Congress so far (2025–),119
C001096,Kevin Cramer,Senate,Republican,ND,,ND,Senator,True,2013-01-03,13.6,412555,True,True,True,True,True,True,True,28,2,0,2,0.07142857142857142,0.07142857142857142,119,119th Congress so far (2025–),119
F000463,Deb Fischer,Senate,Republican,NE,,NE,Senator,True,2013-01-03,13.6,412556,True,True,True,True,True,True,True,30,2,0,2,0.06666666666666667,0.06666666666666667,119,119th Congress so far (2025–),119
R000618,Pete Ricketts,Senate,Republican,NE,,NE,Senator,True,2023-01-23,3.6,456952,False,False,False,False,False,True,True,53,1,0,1,0.018867924528301886,0.018867924528301886,119,119th Congress so far (2025–),119
S001181,Jeanne Shaheen,Senate,Democratic,NH,,NH,Senator,True,2009-01-06,17.6,412323,True,True,True,True,True,True,True,77,0,0,0,0.0,0.0,119,119th Congress so far (2025–),119
H001076,Margaret Wood Hassan,Senate,Democratic,NH,,NH,Senator,True,2017-01-03,9.6,412680,False,False,True,True,True,True,True,51,0,0,0,0.0,0.0,119,119th Congress so far (2025–),119
K000394,Andy Kim,Senate,Democratic,NJ,,NJ,Senator,True,2019-01-03,7.6,412797,False,False,False,True,True,True,True,38,0,0,0,0.0,0.0,119,119th Congress so far (2025–),119
B001288,Cory A. Booker,Senate,Democratic,NJ,,NJ,Senator,True,2013-10-31,12.8,412598,True,True,True,True,True,True,True,91,1,0,1,0.01098901098901099,0.01098901098901099,119,119th Congress so far (2025–),119
L000570,Ben Ray Luján,Senate,Democratic,NM,,NM,Senator,True,2009-01-06,17.6,412293,True,True,True,True,True,True,True,81,1,0,1,0.012345679012345678,0.012345679012345678,119,119th Congress so far (2025–),119
H001046,Martin Heinrich,Senate,Democratic,NM,,NM,Senator,True,2009-01-06,17.6,412281,True,True,True,True,True,True,True,49,0,0,0,0.0,0.0,119,119th Congress so far (2025–),119
C001113,Catherine Cortez Masto,Senate,Democratic,NV,,NV,Senator,True,2017-01-03,9.6,412681,False,False,True,True,True,True,True,110,3,0,3,0.02727272727272727,0.02727272727272727,119,119th Congress so far (2025–),119
R000608,Jacky Rosen,Senate,Democratic,NV,,NV,Senator,True,2017-01-03,9.6,412715,False,False,True,True,True,True,True,64,0,0,0,0.0,0.0,119,119th Congress so far (2025–),119
S000148,Charles E. Schumer,Senate,Democratic,NY,,NY,Senator,True,1981-01-05,45.6,300087,True,True,True,True,True,True,True,23,0,0,0,0.0,0.0,119,119th Congress so far (2025–),119
G000555,Kirsten E. Gillibrand,Senate,Democratic,NY,,NY,Senator,True,2007-01-04,19.6,412223,True,True,True,True,True,True,True,60,1,0,1,0.016666666666666666,0.016666666666666666,119,119th Congress so far (2025–),119
M001242,Bernie Moreno,Senate,Republican,OH,,OH,Senator,True,2025-01-03,1.6,456967,False,False,False,False,False,False,True,23,0,0,0,0.0,0.0,119,119th Congress so far (2025–),119
H001104,Jon Husted,Senate,Republican,OH,,OH,Senator,True,2025-01-21,1.6,457032,False,False,False,False,False,False,True,47,1,0,1,0.02127659574468085,0.02127659574468085,119,119th Congress so far (2025–),119
A000383,Alan Armstrong,Senate,Republican,OK,,OK,Senator,True,2026-03-24,0.4,457040,False,False,False,False,False,False,True,1,0,0,0,0.0,0.0,119,119th Congress so far (2025–),119
L000575,James Lankford,Senate,Republican,OK,,OK,Senator,True,2011-01-05,15.6,412464,True,True,True,True,True,True,True,57,1,0,1,0.017543859649122806,0.017543859649122806,119,119th Congress so far (2025–),119
M001176,Jeff Merkley,Senate,Democratic,OR,,OR,Senator,True,2009-01-06,17.6,412325,True,True,True,True,True,True,True,101,0,0,0,0.0,0.0,119,119th Congress so far (2025–),119
W000779,Ron Wyden,Senate,Democratic,OR,,OR,Senator,True,1981-01-05,45.6,300100,True,True,True,True,True,True,True,83,0,0,0,0.0,0.0,119,119th Congress so far (2025–),119
M001243,David McCormick,Senate,Republican,PA,,PA,Senator,True,2025-01-03,1.6,456968,False,False,False,False,False,False,True,43,0,0,0,0.0,0.0,119,119th Congress so far (2025–),119
F000479,John Fetterman,Senate,Democratic,PA,,PA,Senator,True,2023-01-03,3.6,456877,False,False,False,False,False,True,True,26,0,0,0,0.0,0.0,119,119th Congress so far (2025–),119
R000122,Jack Reed,Senate,Democratic,RI,,RI,Senator,True,1991-01-03,35.6,300081,True,True,True,True,True,True,True,36,1,0,1,0.027777777777777776,0.027777777777777776,119,119th Congress so far (2025–),119
W000802,Sheldon Whitehouse,Senate,Democratic,RI,,RI,Senator,True,2007-01-04,19.6,412247,True,True,True,True,True,True,True,71,0,0,0,0.0,0.0,119,119th Congress so far (2025–),119
G000608,Darline Graham,Senate,Republican,SC,,SC,Senator,True,2026-07-14,0.1,457044,False,False,False,False,False,False,True,1,0,0,0,0.0,0.0,119,119th Congress so far (2025–),119
S001184,Tim Scott,Senate,Republican,SC,,SC,Senator,True,2011-01-05,15.6,412471,True,True,True,True,True,True,True,53,2,0,2,0.03773584905660377,0.03773584905660377,119,119th Congress so far (2025–),119
T000250,John Thune,Senate,Republican,SD,,SD,Senator,True,1997-01-07,29.6,400546,True,True,True,True,True,True,True,21,1,0,1,0.047619047619047616,0.047619047619047616,119,119th Congress so far (2025–),119
R000605,Mike Rounds,Senate,Republican,SD,,SD,Senator,True,2015-01-06,11.6,412669,False,True,True,True,True,True,True,61,1,0,1,0.01639344262295082,0.01639344262295082,119,119th Congress so far (2025–),119
H000601,Bill Hagerty,Senate,Republican,TN,,TN,Senator,True,2021-01-03,5.6,456798,False,False,False,False,True,True,True,25,1,0,1,0.04,0.04,119,119th Congress so far (2025–),119
B001243,Marsha Blackburn,Senate,Republican,TN,,TN,Senator,True,2003-01-07,23.6,400032,True,True,True,True,True,True,True,126,1,0,1,0.007936507936507936,0.007936507936507936,119,119th Congress so far (2025–),119
C001056,John Cornyn,Senate,Republican,TX,,TX,Senator,True,2002-11-30,23.7,300027,True,True,True,True,True,True,True,125,9,0,9,0.072,0.072,119,119th Congress so far (2025–),119
C001098,Ted Cruz,Senate,Republican,TX,,TX,Senator,True,2013-01-03,13.6,412573,True,True,True,True,True,True,True,127,3,0,3,0.023622047244094488,0.023622047244094488,119,119th Congress so far (2025–),119
C001114,John R. Curtis,Senate,Republican,UT,,UT,Senator,True,2017-11-13,8.8,412740,False,False,True,True,True,True,True,48,2,0,2,0.041666666666666664,0.041666666666666664,119,119th Congress so far (2025–),119
L000577,Mike Lee,Senate,Republican,UT,,UT,Senator,True,2011-01-05,15.6,412495,True,True,True,True,True,True,True,129,0,0,0,0.0,0.0,119,119th Congress so far (2025–),119
W000805,Mark R. Warner,Senate,Democratic,VA,,VA,Senator,True,2009-01-06,17.6,412321,True,True,True,True,True,True,True,54,1,0,1,0.018518518518518517,0.018518518518518517,119,119th Congress so far (2025–),119
K000384,Tim Kaine,Senate,Democratic,VA,,VA,Senator,True,2013-01-03,13.6,412582,True,True,True,True,True,True,True,67,0,0,0,0.0,0.0,119,119th Congress so far (2025–),119
S000033,Bernard Sanders,Senate,Independent,VT,,VT,Senator,True,1991-01-03,35.6,400357,True,True,True,True,True,True,True,51,0,0,0,0.0,0.0,119,119th Congress so far (2025–),119
W000800,Peter Welch,Senate,Democratic,VT,,VT,Senator,True,2007-01-04,19.6,412239,True,True,True,True,True,True,True,66,0,0,0,0.0,0.0,119,119th Congress so far (2025–),119
C000127,Maria Cantwell,Senate,Democratic,WA,,WA,Senator,True,1993-01-05,33.6,300018,True,True,True,True,True,True,True,23,0,0,0,0.0,0.0,119,119th Congress so far (2025–),119
M001111,Patty Murray,Senate,Democratic,WA,,WA,Senator,True,1993-01-05,33.6,300076,True,True,True,True,True,True,True,37,0,1,1,0.02702702702702703,0.0,119,119th Congress so far (2025–),119
J000293,Ron Johnson,Senate,Republican,WI,,WI,Senator,True,2011-01-05,15.6,412496,True,True,True,True,True,True,True,19,0,0,0,0.0,0.0,119,119th Congress so far (2025–),119
B001230,Tammy Baldwin,Senate,Democratic,WI,,WI,Senator,True,1999-01-06,27.6,400013,True,True,True,True,True,True,True,46,1,0,1,0.021739130434782608,0.021739130434782608,119,119th Congress so far (2025–),119
J000312,James C. Justice,Senate,Republican,WV,,WV,Senator,True,2025-01-14,1.6,456969,False,False,False,False,False,False,True,14,0,0,0,0.0,0.0,119,119th Congress so far (2025–),119
C001047,Shelley Moore Capito,Senate,Republican,WV,,WV,Senator,True,2001-01-03,25.6,400061,True,True,True,True,True,True,True,24,3,0,3,0.125,0.125,119,119th Congress so far (2025–),119
L000571,Cynthia M. Lummis,Senate,Republican,WY,,WY,Senator,True,2009-01-06,17.6,412294,True,True,False,False,True,True,True,43,2,0,2,0.046511627906976744,0.046511627906976744,119,119th Congress so far (2025–),119
B001261,John Barrasso,Senate,Republican,WY,,WY,Senator,True,2007-06-25,19.1,412251,True,True,True,True,True,True,True,49,1,1,2,0.04081632653061224,0.02040816326530612,119,119th Congress so far (2025–),119
B001323,Nicholas J. Begich III,House,Republican,AK,At-Large,AK-AL,Representative,True,2025-01-03,1.6,456970,False,False,False,False,False,False,True,39,8,0,8,0.20512820512820512,0.20512820512820512,career,Career totals (downloaded Congresses),"113,114,115,116,117,118,119"
M001212,Barry Moore,House,Republican,AL,1,AL-1,Representative,True,2021-01-03,5.6,456800,False,False,False,False,True,True,True,53,1,0,1,0.018867924528301886,0.018867924528301886,career,Career totals (downloaded Congresses),"113,114,115,116,117,118,119"
F000481,Shomari Figures,House,Democratic,AL,2,AL-2,Representative,True,2025-01-03,1.6,456971,False,False,False,False,False,False,True,22,0,0,0,0.0,0.0,career,Career totals (downloaded Congresses),"113,114,115,116,117,118,119"
R000575,Mike Rogers,House,Republican,AL,3,AL-3,Representative,True,2003-01-07,23.6,400341,True,True,True,True,True,True,True,40,1,0,1,0.025,0.025,career,Career totals (downloaded Congresses),"113,114,115,116,117,118,119"
A000055,Robert B. Aderholt,House,Republican,AL,4,AL-4,Representative,True,1997-01-07,29.6,400004,True,True,True,True,True,True,True,32,4,0,4,0.125,0.125,career,Career totals (downloaded Congresses),"113,114,115,116,117,118,119"
S001220,Dale W. Strong,House,Republican,AL,5,AL-5,Representative,True,2023-01-03,3.6,456878,False,False,False,False,False,True,True,27,1,0,1,0.037037037037037035,0.037037037037037035,career,Career totals (downloaded Congresses),"113,114,115,116,117,118,119"
P000609,Gary J. Palmer,House,Republican,AL,6,AL-6,Representative,True,2015-01-06,11.6,412608,False,True,True,True,True,True,True,95,4,0,4,0.042105263157894736,0.042105263157894736,career,Career totals (downloaded Congresses),"113,114,115,116,117,118,119"
S001185,Terri A. Sewell,House,Democratic,AL,7,AL-7,Representative,True,2011-01-05,15.6,412396,True,True,True,True,True,True,True,106,6,0,6,0.05660377358490566,0.05660377358490566,career,Career totals (downloaded Congresses),"113,114,115,116,117,118,119"
C001087,"Eric A. ""Rick"" Crawford",House,Republican,AR,1,AR-1,Representative,True,2011-01-05,15.6,412400,True,True,True,True,True,True,True,113,1,1,2,0.017699115044247787,0.008849557522123894,career,Career totals (downloaded Congresses),"113,114,115,116,117,118,119"
H001072,J. French Hill,House,Republican,AR,2,AR-2,Representative,True,2015-01-06,11.6,412609,False,True,True,True,True,True,True,129,8,1,9,0.06976744186046512,0.06201550387596899,career,Career totals (downloaded Congresses),"113,114,115,116,117,118,119"
W000809,Steve Womack,House,Republican,AR,3,AR-3,Representative,True,2011-01-05,15.6,412402,True,True,True,True,True,True,True,48,0,0,0,0.0,0.0,career,Career totals (downloaded Congresses),"113,114,115,116,117,118,119"
W000821,Bruce Westerman,House,Republican,AR,4,AR-4,Representative,True,2015-01-06,11.6,412610,False,True,True,True,True,True,True,62,4,0,4,0.06451612903225806,0.06451612903225806,career,Career totals (downloaded Congresses),"113,114,115,116,117,118,119"
R000600,Aumua Amata Coleman Radewagen,House,Republican,AS,At-Large,AS-AL,Delegate/Resident Commissioner,False,2015-01-06,11.6,412664,False,True,True,True,True,True,True,42,4,0,4,0.09523809523809523,0.09523809523809523,career,Career totals (downloaded Congresses),"113,114,115,116,117,118,119"
S001183,David Schweikert,House,Republican,AZ,1,AZ-1,Representative,True,2011-01-05,15.6,412399,True,True,True,True,True,True,True,134,2,0,2,0.014925373134328358,0.014925373134328358,career,Career totals (downloaded Congresses),"113,114,115,116,117,118,119"
C001132,Elijah Crane,House,Republican,AZ,2,AZ-2,Representative,True,2023-01-03,3.6,456879,False,False,False,False,False,True,True,36,0,0,0,0.0,0.0,career,Career totals (downloaded Congresses),"113,114,115,116,117,118,119"
A000381,Yassamin Ansari,House,Democratic,AZ,3,AZ-3,Representative,True,2025-01-03,1.6,456972,False,False,False,False,False,False,True,22,0,0,0,0.0,0.0,career,Career totals (downloaded Congresses),"113,114,115,116,117,118,119"
S001211,Greg Stanton,House,Democratic,AZ,4,AZ-4,Representative,True,2019-01-03,7.6,412753,False,False,False,True,True,True,True,70,1,0,1,0.014285714285714285,0.014285714285714285,career,Career totals (downloaded Congresses),"113,114,115,116,117,118,119"
B001302,Andy Biggs,House,Republican,AZ,5,AZ-5,Representative,True,2017-01-03,9.6,412683,False,False,True,True,True,True,True,853,1,1,2,0.0023446658851113715,0.0011723329425556857,career,Career totals (downloaded Congresses),"113,114,115,116,117,118,119"
C001133,Juan Ciscomani,House,Republican,AZ,6,AZ-6,Representative,True,2023-01-03,3.6,456880,False,False,False,False,False,True,True,62,1,0,1,0.016129032258064516,0.016129032258064516,career,Career totals (downloaded Congresses),"113,114,115,116,117,118,119"
G000606,Adelita S. Grijalva,House,Democratic,AZ,7,AZ-7,Representative,True,2025-11-12,0.8,457037,False,False,False,False,False,False,True,8,0,0,0,0.0,0.0,career,Career totals (downloaded Congresses),"113,114,115,116,117,118,119"
H001098,Abraham J. Hamadeh,House,Republican,AZ,8,AZ-8,Representative,True,2025-01-03,1.6,456973,False,False,False,False,False,False,True,27,0,0,0,0.0,0.0,career,Career totals (downloaded Congresses),"113,114,115,116,117,118,119"
G000565,Paul A. Gosar,House,Republican,AZ,9,AZ-9,Representative,True,2011-01-05,15.6,412397,True,True,True,True,True,True,True,196,8,0,8,0.04081632653061224,0.04081632653061224,career,Career totals (downloaded Congresses),"113,114,115,116,117,118,119"
G000607,James Gallagher,House,Republican,CA,1,CA-1,Representative,True,2026-06-10,0.2,457043,False,False,False,False,False,False,True,4,0,0,0,0.0,0.0,career,Career totals (downloaded Congresses),"113,114,115,116,117,118,119"
D000623,Mark DeSaulnier,House,Democratic,CA,10,CA-10,Representative,True,2015-01-06,11.6,412613,False,True,True,True,True,True,True,175,3,0,3,0.017142857142857144,0.017142857142857144,career,Career totals (downloaded Congresses),"113,114,115,116,117,118,119"
P000197,Nancy Pelosi,House,Democratic,CA,11,CA-11,Representative,True,1987-01-06,39.6,400314,True,True,True,True,True,True,True,8,1,0,1,0.125,0.125,career,Career totals (downloaded Congresses),"113,114,115,116,117,118,119"
S001231,Lateefah Simon,House,Democratic,CA,12,CA-12,Representative,True,2025-01-03,1.6,456974,False,False,False,False,False,False,True,9,0,0,0,0.0,0.0,career,Career totals (downloaded Congresses),"113,114,115,116,117,118,119"
G000605,Adam Gray,House,Democratic,CA,13,CA-13,Representative,True,2025-01-03,1.6,456975,False,False,False,False,False,False,True,8,0,0,0,0.0,0.0,career,Career totals (downloaded Congresses),"113,114,115,116,117,118,119"
M001225,Kevin Mullin,House,Democratic,CA,15,CA-15,Representative,True,2023-01-03,3.6,456883,False,False,False,False,False,True,True,35,0,0,0,0.0,0.0,career,Career totals (downloaded Congresses),"113,114,115,116,117,118,119"
L000607,Sam T. Liccardo,House,Democratic,CA,16,CA-16,Representative,True,2025-01-03,1.6,456976,False,False,False,False,False,False,True,17,0,0,0,0.0,0.0,career,Career totals (downloaded Congresses),"113,114,115,116,117,118,119"
K000389,Ro Khanna,House,Democratic,CA,17,CA-17,Representative,True,2017-01-03,9.6,412684,False,False,True,True,True,True,True,161,8,3,11,0.06832298136645963,0.049689440993788817,career,Career totals (downloaded Congresses),"113,114,115,116,117,118,119"
L000397,Zoe Lofgren,House,Democratic,CA,18,CA-18,Representative,True,1995-01-04,31.6,400245,True,True,True,True,True,True,True,134,1,0,1,0.007462686567164179,0.007462686567164179,career,Career totals (downloaded Congresses),"113,114,115,116,117,118,119"
P000613,Jimmy Panetta,House,Democratic,CA,19,CA-19,Representative,True,2017-01-03,9.6,412685,False,False,True,True,True,True,True,209,1,0,1,0.004784688995215311,0.004784688995215311,career,Career totals (downloaded Congresses),"113,114,115,116,117,118,119"
H001068,Jared Huffman,House,Democratic,CA,2,CA-2,Representative,True,2013-01-03,13.6,412511,True,True,True,True,True,True,True,204,3,0,3,0.014705882352941176,0.014705882352941176,career,Career totals (downloaded Congresses),"113,114,115,116,117,118,119"
F000480,Vince Fong,House,Republican,CA,20,CA-20,Representative,True,2024-06-03,2.2,456958,False,False,False,False,False,True,True,18,0,0,0,0.0,0.0,career,Career totals (downloaded Congresses),"113,114,115,116,117,118,119"
C001059,Jim Costa,House,Democratic,CA,21,CA-21,Representative,True,2005-01-04,21.6,400618,True,True,True,True,True,True,True,76,1,1,2,0.02631578947368421,0.013157894736842105,career,Career totals (downloaded Congresses),"113,114,115,116,117,118,119"
V000129,David G. Valadao,House,Republican,CA,22,CA-22,Representative,True,2013-01-03,13.6,412515,True,True,True,False,True,True,True,72,2,0,2,0.027777777777777776,0.027777777777777776,career,Career totals (downloaded Congresses),"113,114,115,116,117,118,119"
O000019,Jay Obernolte,House,Republican,CA,23,CA-23,Representative,True,2021-01-03,5.6,456801,False,False,False,False,True,True,True,65,2,0,2,0.03076923076923077,0.03076923076923077,career,Career totals (downloaded Congresses),"113,114,115,116,117,118,119"
C001112,Salud O. Carbajal,House,Democratic,CA,24,CA-24,Representative,True,2017-01-03,9.6,412686,False,False,True,True,True,True,True,127,1,0,1,0.007874015748031496,0.007874015748031496,career,Career totals (downloaded Congresses),"113,114,115,116,117,118,119"
R000599,Raul Ruiz,House,Democratic,CA,25,CA-25,Representative,True,2013-01-03,13.6,412519,True,True,True,True,True,True,True,258,4,2,6,0.023255813953488372,0.015503875968992248,career,Career totals (downloaded Congresses),"113,114,115,116,117,118,119"
B001285,Julia Brownley,House,Democratic,CA,26,CA-26,Representative,True,2013-01-03,13.6,412516,True,True,True,True,True,True,True,277,4,2,6,0.021660649819494584,0.01444043321299639,career,Career totals (downloaded Congresses),"113,114,115,116,117,118,119"
W000830,George Whitesides,House,Democratic,CA,27,CA-27,Representative,True,2025-01-03,1.6,456977,False,False,False,False,False,False,True,17,0,0,0,0.0,0.0,career,Career totals (downloaded Congresses),"113,114,115,116,117,118,119"
C001080,Judy Chu,House,Democratic,CA,28,CA-28,Representative,True,2009-07-16,17.1,412379,True,True,True,True,True,True,True,174,1,0,1,0.005747126436781609,0.005747126436781609,career,Career totals (downloaded Congresses),"113,114,115,116,117,118,119"
R000620,Luz M. Rivas,House,Democratic,CA,29,CA-29,Representative,True,2025-01-03,1.6,456978,False,False,False,False,False,False,True,11,0,0,0,0.0,0.0,career,Career totals (downloaded Congresses),"113,114,115,116,117,118,119"
K000401,Kevin Kiley,House,Independent,CA,3,CA-3,Representative,True,2023-01-03,3.6,456881,False,False,False,False,False,True,True,39,1,0,1,0.02564102564102564,0.02564102564102564,career,Career totals (downloaded Congresses),"113,114,115,116,117,118,119"
F000483,Laura Friedman,House,Democratic,CA,30,CA-30,Representative,True,2025-01-03,1.6,456979,False,False,False,False,False,False,True,11,0,0,0,0.0,0.0,career,Career totals (downloaded Congresses),"113,114,115,116,117,118,119"
C001123,"Gilbert Ray Cisneros, Jr.",House,Democratic,CA,31,CA-31,Representative,True,2019-01-03,7.6,412757,False,False,False,True,False,False,True,31,0,0,0,0.0,0.0,career,Career totals (downloaded Congresses),"113,114,115,116,117,118,119"
S000344,Brad Sherman,House,Democratic,CA,32,CA-32,Representative,True,1997-01-07,29.6,400371,True,True,True,True,True,True,True,102,1,1,2,0.0196078431372549,0.00980392156862745,career,Career totals (downloaded Congresses),"113,114,115,116,117,118,119"
A000371,Pete Aguilar,House,Democratic,CA,33,CA-33,Representative,True,2015-01-06,11.6,412615,False,True,True,True,True,True,True,47,3,0,3,0.06382978723404255,0.06382978723404255,career,Career totals (downloaded Congresses),"113,114,115,116,117,118,119"
G000585,Jimmy Gomez,House,Democratic,CA,34,CA-34,Representative,True,2017-07-11,9.1,412739,False,False,True,True,True,True,True,68,2,0,2,0.029411764705882353,0.029411764705882353,career,Career totals (downloaded Congresses),"113,114,115,116,117,118,119"
T000474,Norma J. Torres,House,Democratic,CA,35,CA-35,Representative,True,2015-01-06,11.6,412617,False,True,True,True,True,True,True,126,1,1,2,0.015873015873015872,0.007936507936507936,career,Career totals (downloaded Congresses),"113,114,115,116,117,118,119"
L000582,Ted Lieu,House,Democratic,CA,36,CA-36,Representative,True,2015-01-06,11.6,412616,False,True,True,True,True,True,True,233,2,1,3,0.012875536480686695,0.008583690987124463,career,Career totals (downloaded Congresses),"113,114,115,116,117,118,119"
K000400,Sydney Kamlager-Dove,House,Democratic,CA,37,CA-37,Representative,True,2023-01-03,3.6,456884,False,False,False,False,False,True,True,51,0,0,0,0.0,0.0,career,Career totals (downloaded Congresses),"113,114,115,116,117,118,119"
S001156,Linda T. Sánchez,House,Democratic,CA,38,CA-38,Representative,True,2003-01-07,23.6,400355,True,True,True,True,True,True,True,125,1,0,1,0.008,0.008,career,Career totals (downloaded Congresses),"113,114,115,116,117,118,119"
T000472,Mark Takano,House,Democratic,CA,39,CA-39,Representative,True,2013-01-03,13.6,412520,True,True,True,True,True,True,True,166,7,0,7,0.04216867469879518,0.04216867469879518,career,Career totals (downloaded Congresses),"113,114,115,116,117,118,119"
T000460,Mike Thompson,House,Democratic,CA,4,CA-4,Representative,True,1999-01-06,27.6,400403,True,True,True,True,True,True,True,164,4,0,4,0.024390243902439025,0.024390243902439025,career,Career totals (downloaded Congresses),"113,114,115,116,117,118,119"
K000397,Young Kim,House,Republican,CA,40,CA-40,Representative,True,2021-01-03,5.6,456802,False,False,False,False,True,True,True,90,3,1,4,0.044444444444444446,0.03333333333333333,career,Career totals (downloaded Congresses),"113,114,115,116,117,118,119"
C000059,Ken Calvert,House,Republican,CA,41,CA-41,Representative,True,1993-01-05,33.6,400057,True,True,True,True,True,True,True,123,4,0,4,0.032520325203252036,0.032520325203252036,career,Career totals (downloaded Congresses),"113,114,115,116,117,118,119"
G000598,Robert Garcia,House,Democratic,CA,42,CA-42,Representative,True,2023-01-03,3.6,456885,False,False,False,False,False,True,True,38,1,1,2,0.05263157894736842,0.02631578947368421,career,Career totals (downloaded Congresses),"113,114,115,116,117,118,119"
W000187,Maxine Waters,House,Democratic,CA,43,CA-43,Representative,True,1991-01-03,35.6,400422,True,True,True,True,True,True,True,215,0,0,0,0.0,0.0,career,Career totals (downloaded Congresses),"113,114,115,116,117,118,119"
B001300,Nanette Diaz Barragán,House,Democratic,CA,44,CA-44,Representative,True,2017-01-03,9.6,412687,False,False,True,True,True,True,True,105,2,0,2,0.01904761904761905,0.01904761904761905,career,Career totals (downloaded Congresses),"113,114,115,116,117,118,119"
T000491,Derek Tran,House,Democratic,CA,45,CA-45,Representative,True,2025-01-03,1.6,456980,False,False,False,False,False,False,True,10,0,0,0,0.0,0.0,career,Career totals (downloaded Congresses),"113,114,115,116,117,118,119"
C001110,J. Luis Correa,House,Democratic,CA,46,CA-46,Representative,True,2017-01-03,9.6,412688,False,False,True,True,True,True,True,77,2,0,2,0.025974025974025976,0.025974025974025976,career,Career totals (downloaded Congresses),"113,114,115,116,117,118,119"
M001241,Dave Min,House,Democratic,CA,47,CA-47,Representative,True,2025-01-03,1.6,456981,False,False,False,False,False,False,True,26,0,0,0,0.0,0.0,career,Career totals (downloaded Congresses),"113,114,115,116,117,118,119"
I000056,Darrell Issa,House,Republican,CA,48,CA-48,Representative,True,2001-01-03,25.6,400196,True,True,True,False,True,True,True,193,10,3,13,0.06735751295336788,0.05181347150259067,career,Career totals (downloaded Congresses),"113,114,115,116,117,118,119"
L000593,Mike Levin,House,Democratic,CA,49,CA-49,Representative,True,2019-01-03,7.6,412760,False,False,False,True,True,True,True,116,5,1,6,0.05172413793103448,0.04310344827586207,career,Career totals (downloaded Congresses),"113,114,115,116,117,118,119"
M001177,Tom McClintock,House,Republican,CA,5,CA-5,Representative,True,2009-01-06,17.6,412295,True,True,True,True,True,True,True,88,3,0,3,0.03409090909090909,0.03409090909090909,career,Career totals (downloaded Congresses),"113,114,115,116,117,118,119"
P000608,Scott H. Peters,House,Democratic,CA,50,CA-50,Representative,True,2013-01-03,13.6,412523,True,True,True,True,True,True,True,187,2,1,3,0.016042780748663103,0.0106951871657754,career,Career totals (downloaded Congresses),"113,114,115,116,117,118,119"
J000305,Sara Jacobs,House,Democratic,CA,51,CA-51,Representative,True,2021-01-03,5.6,456804,False,False,False,False,True,True,True,63,1,0,1,0.015873015873015872,0.015873015873015872,career,Career totals (downloaded Congresses),"113,114,115,116,117,118,119"
V000130,Juan Vargas,House,Democratic,CA,52,CA-52,Representative,True,2013-01-03,13.6,412522,True,True,True,True,True,True,True,72,0,0,0,0.0,0.0,career,Career totals (downloaded Congresses),"113,114,115,116,117,118,119"
B001287,Ami Bera,House,Democratic,CA,6,CA-6,Representative,True,2013-01-03,13.6,412512,True,True,True,True,True,True,True,92,0,0,0,0.0,0.0,career,Career totals (downloaded Congresses),"113,114,115,116,117,118,119"
M001163,Doris O. Matsui,House,Democratic,CA,7,CA-7,Representative,True,2005-03-10,21.4,400663,True,True,True,True,True,True,True,152,6,2,8,0.05263157894736842,0.039473684210526314,career,Career totals (downloaded Congresses),"113,114,115,116,117,118,119"
G000559,John Garamendi,House,Democratic,CA,8,CA-8,Representative,True,2009-11-03,16.8,412382,True,True,True,True,True,True,True,153,1,0,1,0.006535947712418301,0.006535947712418301,career,Career totals (downloaded Congresses),"113,114,115,116,117,118,119"
H001090,Josh Harder,House,Democratic,CA,9,CA-9,Representative,True,2019-01-03,7.6,412754,False,False,False,True,True,True,True,145,4,0,4,0.027586206896551724,0.027586206896551724,career,Career totals (downloaded Congresses),"113,114,115,116,117,118,119"
D000197,Diana DeGette,House,Democratic,CO,1,CO-1,Representative,True,1997-01-07,29.6,400101,True,True,True,True,True,True,True,95,1,0,1,0.010526315789473684,0.010526315789473684,career,Career totals (downloaded Congresses),"113,114,115,116,117,118,119"
N000191,Joe Neguse,House,Democratic,CO,2,CO-2,Representative,True,2019-01-03,7.6,412761,False,False,False,True,True,True,True,329,10,3,13,0.03951367781155015,0.030395136778115502,career,Career totals (downloaded Congresses),"113,114,115,116,117,118,119"
H001100,Jeff Hurd,House,Republican,CO,3,CO-3,Representative,True,2025-01-03,1.6,456982,False,False,False,False,False,False,True,25,1,0,1,0.04,0.04,career,Career totals (downloaded Congresses),"113,114,115,116,117,118,119"
B000825,Lauren Boebert,House,Republican,CO,4,CO-4,Representative,True,2021-01-03,5.6,456805,False,False,False,False,True,True,True,75,1,0,1,0.013333333333333334,0.013333333333333334,career,Career totals (downloaded Congresses),"113,114,115,116,117,118,119"
C001137,Jeff Crank,House,Republican,CO,5,CO-5,Representative,True,2025-01-03,1.6,456983,False,False,False,False,False,False,True,7,0,0,0,0.0,0.0,career,Career totals (downloaded Congresses),"113,114,115,116,117,118,119"
C001121,Jason Crow,House,Democratic,CO,6,CO-6,Representative,True,2019-01-03,7.6,412762,False,False,False,True,True,True,True,138,2,1,3,0.021739130434782608,0.014492753623188406,career,Career totals (downloaded Congresses),"113,114,115,116,117,118,119"
P000620,Brittany Pettersen,House,Democratic,CO,7,CO-7,Representative,True,2023-01-03,3.6,456886,False,False,False,False,False,True,True,62,1,0,1,0.016129032258064516,0.016129032258064516,career,Career totals (downloaded Congresses),"113,114,115,116,117,118,119"
E000300,Gabe Evans,House,Republican,CO,8,CO-8,Representative,True,2025-01-03,1.6,456984,False,False,False,False,False,False,True,18,0,0,0,0.0,0.0,career,Career totals (downloaded Congresses),"113,114,115,116,117,118,119"
L000557,John B. Larson,House,Democratic,CT,1,CT-1,Representative,True,1999-01-06,27.6,400233,True,True,True,True,True,True,True,89,3,0,3,0.033707865168539325,0.033707865168539325,career,Career totals (downloaded Congresses),"113,114,115,116,117,118,119"
C001069,Joe Courtney,House,Democratic,CT,2,CT-2,Representative,True,2007-01-04,19.6,412193,True,True,True,True,True,True,True,91,3,1,4,0.04395604395604396,0.03296703296703297,career,Career totals (downloaded Congresses),"113,114,115,116,117,118,119"
D000216,Rosa L. DeLauro,House,Democratic,CT,3,CT-3,Representative,True,1991-01-03,35.6,400103,True,True,True,True,True,True,True,291,7,0,7,0.024054982817869417,0.024054982817869417,career,Career totals (downloaded Congresses),"113,114,115,116,117,118,119"
H001047,James A. Himes,House,Democratic,CT,4,CT-4,Representative,True,2009-01-06,17.6,412282,True,True,True,True,True,True,True,63,2,0,2,0.031746031746031744,0.031746031746031744,career,Career totals (downloaded Congresses),"113,114,115,116,117,118,119"
H001081,Jahana Hayes,House,Democratic,CT,5,CT-5,Representative,True,2019-01-03,7.6,412763,False,False,False,True,True,True,True,105,1,1,2,0.01904761904761905,0.009523809523809525,career,Career totals (downloaded Congresses),"113,114,115,116,117,118,119"
N000147,Eleanor Holmes Norton,House,Democratic,DC,At-Large,DC-AL,Delegate/Resident Commissioner,False,1991-01-03,35.6,400295,True,True,True,True,True,True,True,557,7,1,8,0.01436265709156194,0.012567324955116697,career,Career totals (downloaded Congresses),"113,114,115,116,117,118,119"
M001238,Sarah McBride,House,Democratic,DE,At-Large,DE-AL,Representative,True,2025-01-03,1.6,456985,False,False,False,False,False,False,True,10,0,0,0,0.0,0.0,career,Career totals (downloaded Congresses),"113,114,115,116,117,118,119"
P000622,Jimmy Patronis,House,Republican,FL,1,FL-1,Representative,True,2025-04-02,1.4,457034,False,False,False,False,False,False,True,14,0,0,0,0.0,0.0,career,Career totals (downloaded Congresses),"113,114,115,116,117,118,119"
F000476,Maxwell Frost,House,Democratic,FL,10,FL-10,Representative,True,2023-01-03,3.6,456890,False,False,False,False,False,True,True,45,0,0,0,0.0,0.0,career,Career totals (downloaded Congresses),"113,114,115,116,117,118,119"
W000806,Daniel Webster,House,Republican,FL,11,FL-11,Representative,True,2011-01-05,15.6,412410,True,True,True,True,True,True,True,33,0,0,0,0.0,0.0,career,Career totals (downloaded Congresses),"113,114,115,116,117,118,119"
B001257,Gus M. Bilirakis,House,Republican,FL,12,FL-12,Representative,True,2007-01-04,19.6,412250,True,True,True,True,True,True,True,198,7,1,8,0.04040404040404041,0.03535353535353535,career,Career totals (downloaded Congresses),"113,114,115,116,117,118,119"
L000596,Anna Paulina Luna,House,Republican,FL,13,FL-13,Representative,True,2023-01-03,3.6,456891,False,False,False,False,False,True,True,48,1,0,1,0.020833333333333332,0.020833333333333332,career,Career totals (downloaded Congresses),"113,114,115,116,117,118,119"
C001066,Kathy Castor,House,Democratic,FL,14,FL-14,Representative,True,2007-01-04,19.6,412195,True,True,True,True,True,True,True,112,2,0,2,0.017857142857142856,0.017857142857142856,career,Career totals (downloaded Congresses),"113,114,115,116,117,118,119"
L000597,Laurel M. Lee,House,Republican,FL,15,FL-15,Representative,True,2023-01-03,3.6,456892,False,False,False,False,False,True,True,43,2,1,3,0.06976744186046512,0.046511627906976744,career,Career totals (downloaded Congresses),"113,114,115,116,117,118,119"
B001260,Vern Buchanan,House,Republican,FL,16,FL-16,Representative,True,2007-01-04,19.6,412196,True,True,True,True,True,True,True,171,2,0,2,0.011695906432748537,0.011695906432748537,career,Career totals (downloaded Congresses),"113,114,115,116,117,118,119"
S001214,W. Gregory Steube,House,Republican,FL,17,FL-17,Representative,True,2019-01-03,7.6,412766,False,False,False,True,True,True,True,244,1,0,1,0.004098360655737705,0.004098360655737705,career,Career totals (downloaded Congresses),"113,114,115,116,117,118,119"
F000472,Scott Franklin,House,Republican,FL,18,FL-18,Representative,True,2021-01-03,5.6,456807,False,False,False,False,True,True,True,45,2,0,2,0.044444444444444446,0.044444444444444446,career,Career totals (downloaded Congresses),"113,114,115,116,117,118,119"
D000032,Byron Donalds,House,Republican,FL,19,FL-19,Representative,True,2021-01-03,5.6,456808,False,False,False,False,True,True,True,120,1,0,1,0.008333333333333333,0.008333333333333333,career,Career totals (downloaded Congresses),"113,114,115,116,117,118,119"
D000628,Neal P. Dunn,House,Republican,FL,2,FL-2,Representative,True,2017-01-03,9.6,412691,False,False,True,True,True,True,True,85,1,1,2,0.023529411764705882,0.011764705882352941,career,Career totals (downloaded Congresses),"113,114,115,116,117,118,119"
M001199,Brian J. Mast,House,Republican,FL,21,FL-21,Representative,True,2017-01-03,9.6,412698,False,False,True,True,True,True,True,125,4,1,5,0.04,0.032,career,Career totals (downloaded Congresses),"113,114,115,116,117,118,119"
F000462,Lois Frankel,House,Democratic,FL,22,FL-22,Representative,True,2013-01-03,13.6,412529,True,True,True,True,True,True,True,59,1,0,1,0.01694915254237288,0.01694915254237288,career,Career totals (downloaded Congresses),"113,114,115,116,117,118,119"
M001217,Jared Moskowitz,House,Democratic,FL,23,FL-23,Representative,True,2023-01-03,3.6,456893,False,False,False,False,False,True,True,30,0,0,0,0.0,0.0,career,Career totals (downloaded Congresses),"113,114,115,116,117,118,119"
W000808,Frederica S. Wilson,House,Democratic,FL,24,FL-24,Representative,True,2011-01-05,15.6,412412,True,True,True,True,True,True,True,115,2,0,2,0.017391304347826087,0.017391304347826087,career,Career totals (downloaded Congresses),"113,114,115,116,117,118,119"
W000797,Debbie Wasserman Schultz,House,Democratic,FL,25,FL-25,Representative,True,2005-01-04,21.6,400623,True,True,True,True,True,True,True,105,2,4,6,0.05714285714285714,0.01904761904761905,career,Career totals (downloaded Congresses),"113,114,115,116,117,118,119"
D000600,Mario Diaz-Balart,House,Republican,FL,26,FL-26,Representative,True,2003-01-07,23.6,400108,True,True,True,True,True,True,True,54,0,0,0,0.0,0.0,career,Career totals (downloaded Congresses),"113,114,115,116,117,118,119"
S000168,Maria Elvira Salazar,House,Republican,FL,27,FL-27,Representative,True,2021-01-03,5.6,456810,False,False,False,False,True,True,True,64,2,1,3,0.046875,0.03125,career,Career totals (downloaded Congresses),"113,114,115,116,117,118,119"
G000593,Carlos A. Gimenez,House,Republican,FL,28,FL-28,Representative,True,2021-01-03,5.6,456809,False,False,False,False,True,True,True,49,0,0,0,0.0,0.0,career,Career totals (downloaded Congresses),"113,114,115,116,117,118,119"
C001039,Kat Cammack,House,Republican,FL,3,FL-3,Representative,True,2021-01-03,5.6,456806,False,False,False,False,True,True,True,49,0,0,0,0.0,0.0,career,Career totals (downloaded Congresses),"113,114,115,116,117,118,119"
B001314,Aaron Bean,House,Republican,FL,4,FL-4,Representative,True,2023-01-03,3.6,456888,False,False,False,False,False,True,True,43,1,0,1,0.023255813953488372,0.023255813953488372,career,Career totals (downloaded Congresses),"113,114,115,116,117,118,119"
R000609,John H. Rutherford,House,Republican,FL,5,FL-5,Representative,True,2017-01-03,9.6,412692,False,False,True,True,True,True,True,47,0,1,1,0.02127659574468085,0.0,career,Career totals (downloaded Congresses),"113,114,115,116,117,118,119"
F000484,Randy Fine,House,Republican,FL,6,FL-6,Representative,True,2025-04-02,1.4,457035,False,False,False,False,False,False,True,28,0,0,0,0.0,0.0,career,Career totals (downloaded Congresses),"113,114,115,116,117,118,119"
M001216,Cory Mills,House,Republican,FL,7,FL-7,Representative,True,2023-01-03,3.6,456889,False,False,False,False,False,True,True,34,1,0,1,0.029411764705882353,0.029411764705882353,career,Career totals (downloaded Congresses),"113,114,115,116,117,118,119"
H001099,Mike Haridopolos,House,Republican,FL,8,FL-8,Representative,True,2025-01-03,1.6,456986,False,False,False,False,False,False,True,5,0,0,0,0.0,0.0,career,Career totals (downloaded Congresses),"113,114,115,116,117,118,119"
S001200,Darren Soto,House,Democratic,FL,9,FL-9,Representative,True,2017-01-03,9.6,412695,False,False,True,True,True,True,True,121,4,1,5,0.04132231404958678,0.03305785123966942,career,Career totals (downloaded Congresses),"113,114,115,116,117,118,119"
C001103,"Earl L. ""Buddy"" Carter",House,Republican,GA,1,GA-1,Representative,True,2015-01-06,11.6,412622,False,True,True,True,True,True,True,178,7,0,7,0.03932584269662921,0.03932584269662921,career,Career totals (downloaded Congresses),"113,114,115,116,117,118,119"
C001129,Mike Collins,House,Republican,GA,10,GA-10,Representative,True,2023-01-03,3.6,456895,False,False,False,False,False,True,True,23,2,0,2,0.08695652173913043,0.08695652173913043,career,Career totals (downloaded Congresses),"113,114,115,116,117,118,119"
L000583,Barry Loudermilk,House,Republican,GA,11,GA-11,Representative,True,2015-01-06,11.6,412624,False,True,True,True,True,True,True,66,0,1,1,0.015151515151515152,0.0,career,Career totals (downloaded Congresses),"113,114,115,116,117,118,119"
A000372,Rick W. Allen,House,Republican,GA,12,GA-12,Representative,True,2015-01-06,11.6,412625,False,True,True,True,True,True,True,57,2,0,2,0.03508771929824561,0.03508771929824561,career,Career totals (downloaded Congresses),"113,114,115,116,117,118,119"
F000485,Clay Fuller,House,Republican,GA,14,GA-14,Representative,True,2026-04-14,0.3,457041,False,False,False,False,False,False,True,7,0,0,0,0.0,0.0,career,Career totals (downloaded Congresses),"113,114,115,116,117,118,119"
B000490,"Sanford D. Bishop, Jr.",House,Democratic,GA,2,GA-2,Representative,True,1993-01-05,33.6,400030,True,True,True,True,True,True,True,39,3,1,4,0.10256410256410256,0.07692307692307693,career,Career totals (downloaded Congresses),"113,114,115,116,117,118,119"
J000311,Brian Jack,House,Republican,GA,3,GA-3,Representative,True,2025-01-03,1.6,456987,False,False,False,False,False,False,True,3,0,0,0,0.0,0.0,career,Career totals (downloaded Congresses),"113,114,115,116,117,118,119"
J000288,"Henry C. ""Hank"" Johnson, Jr.",House,Democratic,GA,4,GA-4,Representative,True,2007-01-04,19.6,412199,True,True,True,True,True,True,True,141,1,0,1,0.0070921985815602835,0.0070921985815602835,career,Career totals (downloaded Congresses),"113,114,115,116,117,118,119"
W000788,Nikema Williams,House,Democratic,GA,5,GA-5,Representative,True,2021-01-03,5.6,456811,False,False,False,False,True,True,True,114,1,1,2,0.017543859649122806,0.008771929824561403,career,Career totals (downloaded Congresses),"113,114,115,116,117,118,119"
M001208,Lucy McBath,House,Democratic,GA,6,GA-6,Representative,True,2019-01-03,7.6,412769,False,False,False,True,True,True,True,64,4,0,4,0.0625,0.0625,career,Career totals (downloaded Congresses),"113,114,115,116,117,118,119"
M001218,Richard McCormick,House,Republican,GA,7,GA-7,Representative,True,2023-01-03,3.6,456894,False,False,False,False,False,True,True,31,0,0,0,0.0,0.0,career,Career totals (downloaded Congresses),"113,114,115,116,117,118,119"
S001189,Austin Scott,House,Republican,GA,8,GA-8,Representative,True,2011-01-05,15.6,412417,True,True,True,True,True,True,True,59,3,0,3,0.05084745762711865,0.05084745762711865,career,Career totals (downloaded Congresses),"113,114,115,116,117,118,119"
C001116,Andrew S. Clyde,House,Republican,GA,9,GA-9,Representative,True,2021-01-03,5.6,456813,False,False,False,False,True,True,True,57,2,0,2,0.03508771929824561,0.03508771929824561,career,Career totals (downloaded Congresses),"113,114,115,116,117,118,119"
M001219,James C. Moylan,House,Republican,GU,At-Large,GU-AL,Delegate/Resident Commissioner,False,2023-01-03,3.6,456896,False,False,False,False,False,True,True,46,0,0,0,0.0,0.0,career,Career totals (downloaded Congresses),"113,114,115,116,117,118,119"
C001055,Ed Case,House,Democratic,HI,1,HI-1,Representative,True,2003-01-07,23.6,400069,False,False,False,True,True,True,True,82,0,0,0,0.0,0.0,career,Career totals (downloaded Congresses),"113,114,115,116,117,118,119"
T000487,Jill N. Tokuda,House,Democratic,HI,2,HI-2,Representative,True,2023-01-03,3.6,456897,False,False,False,False,False,True,True,61,2,0,2,0.03278688524590164,0.03278688524590164,career,Career totals (downloaded Congresses),"113,114,115,116,117,118,119"
M001215,Mariannette Miller-Meeks,House,Republican,IA,1,IA-1,Representative,True,2021-01-03,5.6,456817,False,False,False,False,True,True,True,117,2,2,4,0.03418803418803419,0.017094017094017096,career,Career totals (downloaded Congresses),"113,114,115,116,117,118,119"
H001091,Ashley Hinson,House,Republican,IA,2,IA-2,Representative,True,2021-01-03,5.6,456816,False,False,False,False,True,True,True,85,1,0,1,0.011764705882352941,0.011764705882352941,career,Career totals (downloaded Congresses),"113,114,115,116,117,118,119"
N000193,Zachary Nunn,House,Republican,IA,3,IA-3,Representative,True,2023-01-03,3.6,456898,False,False,False,False,False,True,True,98,0,0,0,0.0,0.0,career,Career totals (downloaded Congresses),"113,114,115,116,117,118,119"
F000446,Randy Feenstra,House,Republican,IA,4,IA-4,Representative,True,2021-01-03,5.6,456818,False,False,False,False,True,True,True,98,2,0,2,0.02040816326530612,0.02040816326530612,career,Career totals (downloaded Congresses),"113,114,115,116,117,118,119"
F000469,Russ Fulcher,House,Republican,ID,1,ID-1,Representative,True,2019-01-03,7.6,412773,False,False,False,True,True,True,True,46,0,0,0,0.0,0.0,career,Career totals (downloaded Congresses),"113,114,115,116,117,118,119"
S001148,Michael K. Simpson,House,Republican,ID,2,ID-2,Representative,True,1999-01-06,27.6,400376,True,True,True,True,True,True,True,66,8,0,8,0.12121212121212122,0.12121212121212122,career,Career totals (downloaded Congresses),"113,114,115,116,117,118,119"
J000309,Jonathan L. Jackson,House,Democratic,IL,1,IL-1,Representative,True,2023-01-03,3.6,456899,False,False,False,False,False,True,True,11,0,0,0,0.0,0.0,career,Career totals (downloaded Congresses),"113,114,115,116,117,118,119"
S001190,Bradley Scott Schneider,House,Democratic,IL,10,IL-10,Representative,True,2013-01-03,13.6,412534,True,False,True,True,True,True,True,174,0,0,0,0.0,0.0,career,Career totals (downloaded Congresses),"113,114,115,116,117,118,119"
F000454,Bill Foster,House,Democratic,IL,11,IL-11,Representative,True,2008-03-08,18.4,412257,True,True,True,True,True,True,True,187,2,0,2,0.0106951871657754,0.0106951871657754,career,Career totals (downloaded Congresses),"113,114,115,116,117,118,119"
B001295,Mike Bost,House,Republican,IL,12,IL-12,Representative,True,2015-01-06,11.6,412629,False,True,True,True,True,True,True,119,8,0,8,0.06722689075630252,0.06722689075630252,career,Career totals (downloaded Congresses),"113,114,115,116,117,118,119"
B001315,Nikki Budzinski,House,Democratic,IL,13,IL-13,Representative,True,2023-01-03,3.6,456901,False,False,False,False,False,True,True,34,1,0,1,0.029411764705882353,0.029411764705882353,career,Career totals (downloaded Congresses),"113,114,115,116,117,118,119"
U000040,Lauren Underwood,House,Democratic,IL,14,IL-14,Representative,True,2019-01-03,7.6,412776,False,False,False,True,True,True,True,123,1,0,1,0.008130081300813009,0.008130081300813009,career,Career totals (downloaded Congresses),"113,114,115,116,117,118,119"
M001211,Mary E. Miller,House,Republican,IL,15,IL-15,Representative,True,2021-01-03,5.6,456820,False,False,False,False,True,True,True,57,0,0,0,0.0,0.0,career,Career totals (downloaded Congresses),"113,114,115,116,117,118,119"
L000585,Darin LaHood,House,Republican,IL,16,IL-16,Representative,True,2015-09-17,10.9,412674,False,True,True,True,True,True,True,112,5,0,5,0.044642857142857144,0.044642857142857144,career,Career totals (downloaded Congresses),"113,114,115,116,117,118,119"
S001225,Eric Sorensen,House,Democratic,IL,17,IL-17,Representative,True,2023-01-03,3.6,456902,False,False,False,False,False,True,True,23,0,1,1,0.043478260869565216,0.0,career,Career totals (downloaded Congresses),"113,114,115,116,117,118,119"
K000385,Robin L. Kelly,House,Democratic,IL,2,IL-2,Representative,True,2013-04-09,13.3,412595,True,True,True,True,True,True,True,142,6,0,6,0.04225352112676056,0.04225352112676056,career,Career totals (downloaded Congresses),"113,114,115,116,117,118,119"
R000617,Delia C. Ramirez,House,Democratic,IL,3,IL-3,Representative,True,2023-01-03,3.6,456900,False,False,False,False,False,True,True,26,1,0,1,0.038461538461538464,0.038461538461538464,career,Career totals (downloaded Congresses),"113,114,115,116,117,118,119"
G000586,"Jesús G. ""Chuy"" García",House,Democratic,IL,4,IL-4,Representative,True,2019-01-03,7.6,412774,False,False,False,True,True,True,True,69,0,0,0,0.0,0.0,career,Career totals (downloaded Congresses),"113,114,115,116,117,118,119"
Q000023,Mike Quigley,House,Democratic,IL,5,IL-5,Representative,True,2009-04-07,17.4,412331,True,True,True,True,True,True,True,111,4,1,5,0.04504504504504504,0.036036036036036036,career,Career totals (downloaded Congresses),"113,114,115,116,117,118,119"
C001117,Sean Casten,House,Democratic,IL,6,IL-6,Representative,True,2019-01-03,7.6,412775,False,False,False,True,True,True,True,129,1,0,1,0.007751937984496124,0.007751937984496124,career,Career totals (downloaded Congresses),"113,114,115,116,117,118,119"
D000096,Danny K. Davis,House,Democratic,IL,7,IL-7,Representative,True,1997-01-07,29.6,400093,True,True,True,True,True,True,True,188,2,0,2,0.010638297872340425,0.010638297872340425,career,Career totals (downloaded Congresses),"113,114,115,116,117,118,119"
K000391,Raja Krishnamoorthi,House,Democratic,IL,8,IL-8,Representative,True,2017-01-03,9.6,412701,False,False,True,True,True,True,True,130,4,0,4,0.03076923076923077,0.03076923076923077,career,Career totals (downloaded Congresses),"113,114,115,116,117,118,119"
S001145,Janice D. Schakowsky,House,Democratic,IL,9,IL-9,Representative,True,1999-01-06,27.6,400360,True,True,True,True,True,True,True,252,1,0,1,0.003968253968253968,0.003968253968253968,career,Career totals (downloaded Congresses),"113,114,115,116,117,118,119"
M001214,Frank J. Mrvan,House,Democratic,IN,1,IN-1,Representative,True,2021-01-03,5.6,456821,False,False,False,False,True,True,True,17,4,0,4,0.23529411764705882,0.23529411764705882,career,Career totals (downloaded Congresses),"113,114,115,116,117,118,119"
Y000067,Rudy Yakym III,House,Republican,IN,2,IN-2,Representative,True,2022-11-14,3.8,456873,False,False,False,False,True,True,True,43,0,0,0,0.0,0.0,career,Career totals (downloaded Congresses),"113,114,115,116,117,118,119"
S001188,Marlin A. Stutzman,House,Republican,IN,3,IN-3,Representative,True,2010-11-16,15.7,412392,True,True,False,False,False,False,True,27,0,0,0,0.0,0.0,career,Career totals (downloaded Congresses),"113,114,115,116,117,118,119"
B001307,James R. Baird,House,Republican,IN,4,IN-4,Representative,True,2019-01-03,7.6,412777,False,False,False,True,True,True,True,39,1,1,2,0.05128205128205128,0.02564102564102564,career,Career totals (downloaded Congresses),"113,114,115,116,117,118,119"
S000929,Victoria Spartz,House,Republican,IN,5,IN-5,Representative,True,2021-01-03,5.6,456822,False,False,False,False,True,True,True,39,1,0,1,0.02564102564102564,0.02564102564102564,career,Career totals (downloaded Congresses),"113,114,115,116,117,118,119"
S001229,Jefferson Shreve,House,Republican,IN,6,IN-6,Representative,True,2025-01-03,1.6,456988,False,False,False,False,False,False,True,16,0,0,0,0.0,0.0,career,Career totals (downloaded Congresses),"113,114,115,116,117,118,119"
C001072,André Carson,House,Democratic,IN,7,IN-7,Representative,True,2008-03-13,18.4,412258,True,True,True,True,True,True,True,90,2,1,3,0.03333333333333333,0.022222222222222223,career,Career totals (downloaded Congresses),"113,114,115,116,117,118,119"
M001233,Mark B. Messmer,House,Republican,IN,8,IN-8,Representative,True,2025-01-03,1.6,456989,False,False,False,False,False,False,True,15,0,0,0,0.0,0.0,career,Career totals (downloaded Congresses),"113,114,115,116,117,118,119"
H001093,Erin Houchin,House,Republican,IN,9,IN-9,Representative,True,2023-01-03,3.6,456903,False,False,False,False,False,True,True,45,2,0,2,0.044444444444444446,0.044444444444444446,career,Career totals (downloaded Congresses),"113,114,115,116,117,118,119"
M000871,Tracey Mann,House,Republican,KS,1,KS-1,Representative,True,2021-01-03,5.6,456823,False,False,False,False,True,True,True,62,2,0,2,0.03225806451612903,0.03225806451612903,career,Career totals (downloaded Congresses),"113,114,115,116,117,118,119"
S001228,Derek Schmidt,House,Republican,KS,2,KS-2,Representative,True,2025-01-03,1.6,456990,False,False,False,False,False,False,True,17,0,0,0,0.0,0.0,career,Career totals (downloaded Congresses),"113,114,115,116,117,118,119"
D000629,Sharice Davids,House,Democratic,KS,3,KS-3,Representative,True,2019-01-03,7.6,412780,False,False,False,True,True,True,True,60,0,0,0,0.0,0.0,career,Career totals (downloaded Congresses),"113,114,115,116,117,118,119"
E000298,Ron Estes,House,Republican,KS,4,KS-4,Representative,True,2017-04-25,9.3,412735,False,False,True,True,True,True,True,55,1,0,1,0.01818181818181818,0.01818181818181818,career,Career totals (downloaded Congresses),"113,114,115,116,117,118,119"
C001108,James Comer,House,Republican,KY,1,KY-1,Representative,True,2016-11-14,9.7,412676,False,True,True,True,True,True,True,42,2,0,2,0.047619047619047616,0.047619047619047616,career,Career totals (downloaded Congresses),"113,114,115,116,117,118,119"
G000558,Brett Guthrie,House,Republican,KY,2,KY-2,Representative,True,2009-01-06,17.6,412278,True,True,True,True,True,True,True,112,8,1,9,0.08035714285714286,0.07142857142857142,career,Career totals (downloaded Congresses),"113,114,115,116,117,118,119"
M001220,Morgan McGarvey,House,Democratic,KY,3,KY-3,Representative,True,2023-01-03,3.6,456904,False,False,False,False,False,True,True,43,0,0,0,0.0,0.0,career,Career totals (downloaded Congresses),"113,114,115,116,117,118,119"
M001184,Thomas Massie,House,Republican,KY,4,KY-4,Representative,True,2012-11-13,13.8,412503,True,True,True,True,True,True,True,85,0,0,0,0.0,0.0,career,Career totals (downloaded Congresses),"113,114,115,116,117,118,119"
R000395,Harold Rogers,House,Republican,KY,5,KY-5,Representative,True,1981-01-05,45.6,400340,True,True,True,True,True,True,True,40,12,0,12,0.3,0.3,career,Career totals (downloaded Congresses),"113,114,115,116,117,118,119"
B001282,Andy Barr,House,Republican,KY,6,KY-6,Representative,True,2013-01-03,13.6,412541,True,True,True,True,True,True,True,202,5,1,6,0.0297029702970297,0.024752475247524754,career,Career totals (downloaded Congresses),"113,114,115,116,117,118,119"
S001176,Steve Scalise,House,Republican,LA,1,LA-1,Representative,True,2008-05-07,18.3,412261,True,True,True,True,True,True,True,40,4,1,5,0.125,0.1,career,Career totals (downloaded Congresses),"113,114,115,116,117,118,119"
C001125,Troy A. Carter,House,Democratic,LA,2,LA-2,Representative,True,2021-05-11,5.3,456860,False,False,False,False,True,True,True,56,1,0,1,0.017857142857142856,0.017857142857142856,career,Career totals (downloaded Congresses),"113,114,115,116,117,118,119"
H001077,Clay Higgins,House,Republican,LA,3,LA-3,Representative,True,2017-01-03,9.6,412705,False,False,True,True,True,True,True,140,3,0,3,0.02142857142857143,0.02142857142857143,career,Career totals (downloaded Congresses),"113,114,115,116,117,118,119"
J000299,Mike Johnson,House,Republican,LA,4,LA-4,Representative,True,2017-01-03,9.6,412706,False,False,True,True,True,True,True,51,3,0,3,0.058823529411764705,0.058823529411764705,career,Career totals (downloaded Congresses),"113,114,115,116,117,118,119"
L000595,Julia Letlow,House,Republican,LA,5,LA-5,Representative,True,2021-04-14,5.3,456859,False,False,False,False,True,True,True,29,1,0,1,0.034482758620689655,0.034482758620689655,career,Career totals (downloaded Congresses),"113,114,115,116,117,118,119"
F000110,Cleo Fields,House,Democratic,LA,6,LA-6,Representative,True,1993-01-05,33.6,404067,False,False,False,False,False,False,True,9,0,0,0,0.0,0.0,career,Career totals (downloaded Congresses),"113,114,115,116,117,118,119"
N000015,Richard E. Neal,House,Democratic,MA,1,MA-1,Representative,True,1989-01-03,37.6,400291,True,True,True,True,True,True,True,70,4,0,4,0.05714285714285714,0.05714285714285714,career,Career totals (downloaded Congresses),"113,114,115,116,117,118,119"
M000312,James P. McGovern,House,Democratic,MA,2,MA-2,Representative,True,1997-01-07,29.6,400263,True,True,True,True,True,True,True,105,2,1,3,0.02857142857142857,0.01904761904761905,career,Career totals (downloaded Congresses),"113,114,115,116,117,118,119"
T000482,Lori Trahan,House,Democratic,MA,3,MA-3,Representative,True,2019-01-03,7.6,412781,False,False,False,True,True,True,True,63,1,0,1,0.015873015873015872,0.015873015873015872,career,Career totals (downloaded Congresses),"113,114,115,116,117,118,119"
A000148,Jake Auchincloss,House,Democratic,MA,4,MA-4,Representative,True,2021-01-03,5.6,456825,False,False,False,False,True,True,True,23,0,0,0,0.0,0.0,career,Career totals (downloaded Congresses),"113,114,115,116,117,118,119"
C001101,Katherine M. Clark,House,Democratic,MA,5,MA-5,Representative,True,2013-12-12,12.7,412600,True,True,True,True,True,True,True,76,0,2,2,0.02631578947368421,0.0,career,Career totals (downloaded Congresses),"113,114,115,116,117,118,119"
M001196,Seth Moulton,House,Democratic,MA,6,MA-6,Representative,True,2015-01-06,11.6,412632,False,True,True,True,True,True,True,101,5,1,6,0.0594059405940594,0.04950495049504951,career,Career totals (downloaded Congresses),"113,114,115,116,117,118,119"
P000617,Ayanna Pressley,House,Democratic,MA,7,MA-7,Representative,True,2019-01-03,7.6,412782,False,False,False,True,True,True,True,114,1,0,1,0.008771929824561403,0.008771929824561403,career,Career totals (downloaded Congresses),"113,114,115,116,117,118,119"
L000562,Stephen F. Lynch,House,Democratic,MA,8,MA-8,Representative,True,2001-10-23,24.8,400249,True,True,True,True,True,True,True,133,5,1,6,0.045112781954887216,0.03759398496240601,career,Career totals (downloaded Congresses),"113,114,115,116,117,118,119"
K000375,William R. Keating,House,Democratic,MA,9,MA-9,Representative,True,2011-01-05,15.6,412435,True,True,True,True,True,True,True,93,0,0,0,0.0,0.0,career,Career totals (downloaded Congresses),"113,114,115,116,117,118,119"
H001052,Andy Harris,House,Republican,MD,1,MD-1,Representative,True,2011-01-05,15.6,412434,True,True,True,True,True,True,True,32,2,0,2,0.0625,0.0625,career,Career totals (downloaded Congresses),"113,114,115,116,117,118,119"
O000176,"Johnny Olszewski, Jr.",House,Democratic,MD,2,MD-2,Representative,True,2025-01-03,1.6,456991,False,False,False,False,False,False,True,17,0,0,0,0.0,0.0,career,Career totals (downloaded Congresses),"113,114,115,116,117,118,119"
E000301,Sarah Elfreth,House,Democratic,MD,3,MD-3,Representative,True,2025-01-03,1.6,456992,False,False,False,False,False,False,True,16,0,0,0,0.0,0.0,career,Career totals (downloaded Congresses),"113,114,115,116,117,118,119"
I000058,Glenn Ivey,House,Democratic,MD,4,MD-4,Representative,True,2023-01-03,3.6,456905,False,False,False,False,False,True,True,10,0,0,0,0.0,0.0,career,Career totals (downloaded Congresses),"113,114,115,116,117,118,119"
H000874,Steny H. Hoyer,House,Democratic,MD,5,MD-5,Representative,True,1981-01-05,45.6,400189,True,True,True,True,True,True,True,20,4,0,4,0.2,0.2,career,Career totals (downloaded Congresses),"113,114,115,116,117,118,119"
M001232,April McClain Delaney,House,Democratic,MD,6,MD-6,Representative,True,2025-01-03,1.6,456993,False,False,False,False,False,False,True,29,0,0,0,0.0,0.0,career,Career totals (downloaded Congresses),"113,114,115,116,117,118,119"
M000687,Kweisi Mfume,House,Democratic,MD,7,MD-7,Representative,True,1987-01-06,39.6,407672,False,False,False,True,True,True,True,38,2,0,2,0.05263157894736842,0.05263157894736842,career,Career totals (downloaded Congresses),"113,114,115,116,117,118,119"
R000606,Jamie Raskin,House,Democratic,MD,8,MD-8,Representative,True,2017-01-03,9.6,412708,False,False,True,True,True,True,True,83,0,0,0,0.0,0.0,career,Career totals (downloaded Congresses),"113,114,115,116,117,118,119"
P000597,Chellie Pingree,House,Democratic,ME,1,ME-1,Representative,True,2009-01-06,17.6,412307,True,True,True,True,True,True,True,107,0,0,0,0.0,0.0,career,Career totals (downloaded Congresses),"113,114,115,116,117,118,119"
G000592,Jared F. Golden,House,Democratic,ME,2,ME-2,Representative,True,2019-01-03,7.6,412842,False,False,False,True,True,True,True,77,0,1,1,0.012987012987012988,0.0,career,Career totals (downloaded Congresses),"113,114,115,116,117,118,119"
B001301,Jack Bergman,House,Republican,MI,1,MI-1,Representative,True,2017-01-03,9.6,412709,False,False,True,True,True,True,True,87,4,1,5,0.05747126436781609,0.04597701149425287,career,Career totals (downloaded Congresses),"113,114,115,116,117,118,119"
J000307,John James,House,Republican,MI,10,MI-10,Representative,True,2023-01-03,3.6,456907,False,False,False,False,False,True,True,53,1,0,1,0.018867924528301886,0.018867924528301886,career,Career totals (downloaded Congresses),"113,114,115,116,117,118,119"
S001215,Haley M. Stevens,House,Democratic,MI,11,MI-11,Representative,True,2019-01-03,7.6,412786,False,False,False,True,True,True,True,104,1,2,3,0.028846153846153848,0.009615384615384616,career,Career totals (downloaded Congresses),"113,114,115,116,117,118,119"
T000481,Rashida Tlaib,House,Democratic,MI,12,MI-12,Representative,True,2019-01-03,7.6,412787,False,False,False,True,True,True,True,94,2,1,3,0.031914893617021274,0.02127659574468085,career,Career totals (downloaded Congresses),"113,114,115,116,117,118,119"
T000488,Shri Thanedar,House,Democratic,MI,13,MI-13,Representative,True,2023-01-03,3.6,456908,False,False,False,False,False,True,True,49,0,0,0,0.0,0.0,career,Career totals (downloaded Congresses),"113,114,115,116,117,118,119"
M001194,John R. Moolenaar,House,Republican,MI,2,MI-2,Representative,True,2015-01-06,11.6,412634,False,True,True,True,True,True,True,86,2,0,2,0.023255813953488372,0.023255813953488372,career,Career totals (downloaded Congresses),"113,114,115,116,117,118,119"
S001221,Hillary J. Scholten,House,Democratic,MI,3,MI-3,Representative,True,2023-01-03,3.6,456906,False,False,False,False,False,True,True,52,1,0,1,0.019230769230769232,0.019230769230769232,career,Career totals (downloaded Congresses),"113,114,115,116,117,118,119"
H001058,Bill Huizenga,House,Republican,MI,4,MI-4,Representative,True,2011-01-05,15.6,412437,True,True,True,True,True,True,True,120,1,2,3,0.025,0.008333333333333333,career,Career totals (downloaded Congresses),"113,114,115,116,117,118,119"
W000798,Tim Walberg,House,Republican,MI,5,MI-5,Representative,True,2007-01-04,19.6,412213,True,True,True,True,True,True,True,157,4,0,4,0.025477707006369428,0.025477707006369428,career,Career totals (downloaded Congresses),"113,114,115,116,117,118,119"
D000624,Debbie Dingell,House,Democratic,MI,6,MI-6,Representative,True,2015-01-06,11.6,412637,False,True,True,True,True,True,True,204,3,0,3,0.014705882352941176,0.014705882352941176,career,Career totals (downloaded Congresses),"113,114,115,116,117,118,119"
B001321,Tom Barrett,House,Republican,MI,7,MI-7,Representative,True,2025-01-03,1.6,456994,False,False,False,False,False,False,True,48,0,0,0,0.0,0.0,career,Career totals (downloaded Congresses),"113,114,115,116,117,118,119"
M001237,Kristen McDonald Rivet,House,Democratic,MI,8,MI-8,Representative,True,2025-01-03,1.6,456995,False,False,False,False,False,False,True,18,0,0,0,0.0,0.0,career,Career totals (downloaded Congresses),"113,114,115,116,117,118,119"
M001136,Lisa C. McClain,House,Republican,MI,9,MI-9,Representative,True,2021-01-03,5.6,456827,False,False,False,False,True,True,True,52,3,1,4,0.07692307692307693,0.057692307692307696,career,Career totals (downloaded Congresses),"113,114,115,116,117,118,119"
F000475,Brad Finstad,House,Republican,MN,1,MN-1,Representative,True,2022-08-12,4.0,456869,False,False,False,False,True,True,True,62,0,0,0,0.0,0.0,career,Career totals (downloaded Congresses),"113,114,115,116,117,118,119"
C001119,Angie Craig,House,Democratic,MN,2,MN-2,Representative,True,2019-01-03,7.6,412789,False,False,False,True,True,True,True,91,2,2,4,0.04395604395604396,0.02197802197802198,career,Career totals (downloaded Congresses),"113,114,115,116,117,118,119"
M001234,Kelly Morrison,House,Democratic,MN,3,MN-3,Representative,True,2025-01-03,1.6,456996,False,False,False,False,False,False,True,14,0,0,0,0.0,0.0,career,Career totals (downloaded Congresses),"113,114,115,116,117,118,119"
M001143,Betty McCollum,House,Democratic,MN,4,MN-4,Representative,True,2001-01-03,25.6,400259,True,True,True,True,True,True,True,63,1,1,2,0.031746031746031744,0.015873015873015872,career,Career totals (downloaded Congresses),"113,114,115,116,117,118,119"
O000173,Ilhan Omar,House,Democratic,MN,5,MN-5,Representative,True,2019-01-03,7.6,412791,False,False,False,True,True,True,True,101,2,0,2,0.019801980198019802,0.019801980198019802,career,Career totals (downloaded Congresses),"113,114,115,116,117,118,119"
E000294,Tom Emmer,House,Republican,MN,6,MN-6,Representative,True,2015-01-06,11.6,412639,False,True,True,True,True,True,True,113,3,1,4,0.035398230088495575,0.02654867256637168,career,Career totals (downloaded Congresses),"113,114,115,116,117,118,119"
F000470,Michelle Fischbach,House,Republican,MN,7,MN-7,Representative,True,2021-01-03,5.6,456828,False,False,False,False,True,True,True,51,4,0,4,0.0784313725490196,0.0784313725490196,career,Career totals (downloaded Congresses),"113,114,115,116,117,118,119"
S001212,Pete Stauber,House,Republican,MN,8,MN-8,Representative,True,2019-01-03,7.6,412792,False,False,False,True,True,True,True,82,4,0,4,0.04878048780487805,0.04878048780487805,career,Career totals (downloaded Congresses),"113,114,115,116,117,118,119"
B001324,Wesley Bell,House,Democratic,MO,1,MO-1,Representative,True,2025-01-03,1.6,456997,False,False,False,False,False,False,True,25,0,0,0,0.0,0.0,career,Career totals (downloaded Congresses),"113,114,115,116,117,118,119"
W000812,Ann Wagner,House,Republican,MO,2,MO-2,Representative,True,2013-01-03,13.6,412548,True,True,True,True,True,True,True,120,7,0,7,0.058333333333333334,0.058333333333333334,career,Career totals (downloaded Congresses),"113,114,115,116,117,118,119"
O000177,"Robert F. Onder, Jr.",House,Republican,MO,3,MO-3,Representative,True,2025-01-03,1.6,456998,False,False,False,False,False,False,True,19,0,0,0,0.0,0.0,career,Career totals (downloaded Congresses),"113,114,115,116,117,118,119"
A000379,Mark Alford,House,Republican,MO,4,MO-4,Representative,True,2023-01-03,3.6,456909,False,False,False,False,False,True,True,39,0,0,0,0.0,0.0,career,Career totals (downloaded Congresses),"113,114,115,116,117,118,119"
C001061,Emanuel Cleaver,House,Democratic,MO,5,MO-5,Representative,True,2005-01-04,21.6,400639,True,True,True,True,True,True,True,94,2,0,2,0.02127659574468085,0.02127659574468085,career,Career totals (downloaded Congresses),"113,114,115,116,117,118,119"
G000546,Sam Graves,House,Republican,MO,6,MO-6,Representative,True,2001-01-03,25.6,400158,True,True,True,True,True,True,True,96,7,0,7,0.07291666666666667,0.07291666666666667,career,Career totals (downloaded Congresses),"113,114,115,116,117,118,119"
B001316,Eric Burlison,House,Republican,MO,7,MO-7,Representative,True,2023-01-03,3.6,456910,False,False,False,False,False,True,True,45,0,0,0,0.0,0.0,career,Career totals (downloaded Congresses),"113,114,115,116,117,118,119"
S001195,Jason Smith,House,Republican,MO,8,MO-8,Representative,True,2013-06-04,13.2,412596,True,True,True,True,True,True,True,96,2,0,2,0.020833333333333332,0.020833333333333332,career,Career totals (downloaded Congresses),"113,114,115,116,117,118,119"
K000404,Kimberlyn King-Hinds,House,Republican,MP,At-Large,MP-AL,Delegate/Resident Commissioner,False,2025-01-03,1.6,456999,False,False,False,False,False,False,True,19,0,0,0,0.0,0.0,career,Career totals (downloaded Congresses),"113,114,115,116,117,118,119"
K000388,Trent Kelly,House,Republican,MS,1,MS-1,Representative,True,2015-06-09,11.2,412673,False,True,True,True,True,True,True,56,2,0,2,0.03571428571428571,0.03571428571428571,career,Career totals (downloaded Congresses),"113,114,115,116,117,118,119"
T000193,Bennie G. Thompson,House,Democratic,MS,2,MS-2,Representative,True,1993-04-13,33.3,400402,True,True,True,True,True,True,True,93,4,0,4,0.043010752688172046,0.043010752688172046,career,Career totals (downloaded Congresses),"113,114,115,116,117,118,119"
G000591,Michael Guest,House,Republican,MS,3,MS-3,Representative,True,2019-01-03,7.6,412793,False,False,False,True,True,True,True,29,3,1,4,0.13793103448275862,0.10344827586206896,career,Career totals (downloaded Congresses),"113,114,115,116,117,118,119"
E000235,Mike Ezell,House,Republican,MS,4,MS-4,Representative,True,2023-01-03,3.6,456911,False,False,False,False,False,True,True,36,1,1,2,0.05555555555555555,0.027777777777777776,career,Career totals (downloaded Congresses),"113,114,115,116,117,118,119"
Z000018,Ryan K. Zinke,House,Republican,MT,1,MT-1,Representative,True,2015-01-06,11.6,412640,False,True,True,False,False,True,True,47,0,1,1,0.02127659574468085,0.0,career,Career totals (downloaded Congresses),"113,114,115,116,117,118,119"
D000634,Troy Downing,House,Republican,MT,2,MT-2,Representative,True,2025-01-03,1.6,457000,False,False,False,False,False,False,True,26,1,0,1,0.038461538461538464,0.038461538461538464,career,Career totals (downloaded Congresses),"113,114,115,116,117,118,119"
D000230,Donald G. Davis,House,Democratic,NC,1,NC-1,Representative,True,2023-01-03,3.6,456912,False,False,False,False,False,True,True,51,1,0,1,0.0196078431372549,0.0196078431372549,career,Career totals (downloaded Congresses),"113,114,115,116,117,118,119"
H001101,Pat Harrigan,House,Republican,NC,10,NC-10,Representative,True,2025-01-03,1.6,457003,False,False,False,False,False,False,True,27,0,0,0,0.0,0.0,career,Career totals (downloaded Congresses),"113,114,115,116,117,118,119"
E000246,Chuck Edwards,House,Republican,NC,11,NC-11,Representative,True,2023-01-03,3.6,456914,False,False,False,False,False,True,True,39,0,1,1,0.02564102564102564,0.0,career,Career totals (downloaded Congresses),"113,114,115,116,117,118,119"
A000370,Alma S. Adams,House,Democratic,NC,12,NC-12,Representative,True,2014-11-12,11.8,412607,True,True,True,True,True,True,True,125,3,0,3,0.024,0.024,career,Career totals (downloaded Congresses),"113,114,115,116,117,118,119"
K000405,Brad Knott,House,Republican,NC,13,NC-13,Representative,True,2025-01-03,1.6,457004,False,False,False,False,False,False,True,6,0,0,0,0.0,0.0,career,Career totals (downloaded Congresses),"113,114,115,116,117,118,119"
M001236,Tim Moore,House,Republican,NC,14,NC-14,Representative,True,2025-01-03,1.6,457005,False,False,False,False,False,False,True,26,0,0,0,0.0,0.0,career,Career totals (downloaded Congresses),"113,114,115,116,117,118,119"
R000305,Deborah K. Ross,House,Democratic,NC,2,NC-2,Representative,True,2021-01-03,5.6,456831,False,False,False,False,True,True,True,71,1,2,3,0.04225352112676056,0.014084507042253521,career,Career totals (downloaded Congresses),"113,114,115,116,117,118,119"
M001210,Gregory F. Murphy,House,Republican,NC,3,NC-3,Representative,True,2019-09-17,6.9,412845,False,False,False,True,True,True,True,108,2,0,2,0.018518518518518517,0.018518518518518517,career,Career totals (downloaded Congresses),"113,114,115,116,117,118,119"
F000477,Valerie P. Foushee,House,Democratic,NC,4,NC-4,Representative,True,2023-01-03,3.6,456913,False,False,False,False,False,True,True,33,0,0,0,0.0,0.0,career,Career totals (downloaded Congresses),"113,114,115,116,117,118,119"
F000450,Virginia Foxx,House,Republican,NC,5,NC-5,Representative,True,2005-01-04,21.6,400643,True,True,True,True,True,True,True,96,7,1,8,0.08333333333333333,0.07291666666666667,career,Career totals (downloaded Congresses),"113,114,115,116,117,118,119"
M001240,Addison P. McDowell,House,Republican,NC,6,NC-6,Representative,True,2025-01-03,1.6,457001,False,False,False,False,False,False,True,14,0,0,0,0.0,0.0,career,Career totals (downloaded Congresses),"113,114,115,116,117,118,119"
R000603,David Rouzer,House,Republican,NC,7,NC-7,Representative,True,2015-01-06,11.6,412641,False,True,True,True,True,True,True,82,2,0,2,0.024390243902439025,0.024390243902439025,career,Career totals (downloaded Congresses),"113,114,115,116,117,118,119"
H001102,Mark Harris,House,Republican,NC,8,NC-8,Representative,True,2025-01-03,1.6,457002,False,False,False,False,False,False,True,17,0,0,0,0.0,0.0,career,Career totals (downloaded Congresses),"113,114,115,116,117,118,119"
H001067,Richard Hudson,House,Republican,NC,9,NC-9,Representative,True,2013-01-03,13.6,412550,True,True,True,True,True,True,True,113,5,2,7,0.061946902654867256,0.04424778761061947,career,Career totals (downloaded Congresses),"113,114,115,116,117,118,119"
F000482,Julie Fedorchak,House,Republican,ND,At-Large,ND-AL,Representative,True,2025-01-03,1.6,457006,False,False,False,False,False,False,True,14,2,0,2,0.14285714285714285,0.14285714285714285,career,Career totals (downloaded Congresses),"113,114,115,116,117,118,119"
F000474,Mike Flood,House,Republican,NE,1,NE-1,Representative,True,2022-07-12,4.1,456868,False,False,False,False,True,True,True,43,1,0,1,0.023255813953488372,0.023255813953488372,career,Career totals (downloaded Congresses),"113,114,115,116,117,118,119"
B001298,Don Bacon,House,Republican,NE,2,NE-2,Representative,True,2017-01-03,9.6,412713,False,False,True,True,True,True,True,182,2,0,2,0.01098901098901099,0.01098901098901099,career,Career totals (downloaded Congresses),"113,114,115,116,117,118,119"
S001172,Adrian Smith,House,Republican,NE,3,NE-3,Representative,True,2007-01-04,19.6,412217,True,True,True,True,True,True,True,109,8,0,8,0.07339449541284404,0.07339449541284404,career,Career totals (downloaded Congresses),"113,114,115,116,117,118,119"
P000614,Chris Pappas,House,Democratic,NH,1,NH-1,Representative,True,2019-01-03,7.6,412795,False,False,False,True,True,True,True,163,4,2,6,0.03680981595092025,0.024539877300613498,career,Career totals (downloaded Congresses),"113,114,115,116,117,118,119"
G000604,Maggie Goodlander,House,Democratic,NH,2,NH-2,Representative,True,2025-01-03,1.6,457007,False,False,False,False,False,False,True,12,0,0,0,0.0,0.0,career,Career totals (downloaded Congresses),"113,114,115,116,117,118,119"
N000188,Donald Norcross,House,Democratic,NJ,1,NJ-1,Representative,True,2014-11-12,11.8,412606,True,True,True,True,True,True,True,91,1,0,1,0.01098901098901099,0.01098901098901099,career,Career totals (downloaded Congresses),"113,114,115,116,117,118,119"
M001229,LaMonica McIver,House,Democratic,NJ,10,NJ-10,Representative,True,2024-09-18,1.9,456962,False,False,False,False,False,True,True,17,0,0,0,0.0,0.0,career,Career totals (downloaded Congresses),"113,114,115,116,117,118,119"
M001246,Analilia Mejia,House,Democratic,NJ,11,NJ-11,Representative,True,2026-04-20,0.3,457042,False,False,False,False,False,False,True,0,0,0,0,,,career,Career totals (downloaded Congresses),"113,114,115,116,117,118,119"
W000822,Bonnie Watson Coleman,House,Democratic,NJ,12,NJ-12,Representative,True,2015-01-06,11.6,412644,False,True,True,True,True,True,True,174,1,0,1,0.005747126436781609,0.005747126436781609,career,Career totals (downloaded Congresses),"113,114,115,116,117,118,119"
V000133,Jefferson Van Drew,House,Republican,NJ,2,NJ-2,Representative,True,2019-01-03,7.6,412796,False,False,False,True,True,True,True,143,2,0,2,0.013986013986013986,0.013986013986013986,career,Career totals (downloaded Congresses),"113,114,115,116,117,118,119"
C001136,"Herbert C. Conaway, Jr.",House,Democratic,NJ,3,NJ-3,Representative,True,2025-01-03,1.6,457008,False,False,False,False,False,False,True,15,0,0,0,0.0,0.0,career,Career totals (downloaded Congresses),"113,114,115,116,117,118,119"
S000522,Christopher H. Smith,House,Republican,NJ,4,NJ-4,Representative,True,1981-01-05,45.6,400380,True,True,True,True,True,True,True,277,15,4,19,0.06859205776173286,0.05415162454873646,career,Career totals (downloaded Congresses),"113,114,115,116,117,118,119"
G000583,Josh Gottheimer,House,Democratic,NJ,5,NJ-5,Representative,True,2017-01-03,9.6,412714,False,False,True,True,True,True,True,179,1,0,1,0.00558659217877095,0.00558659217877095,career,Career totals (downloaded Congresses),"113,114,115,116,117,118,119"
P000034,"Frank Pallone, Jr.",House,Democratic,NJ,6,NJ-6,Representative,True,1987-01-06,39.6,400308,True,True,True,True,True,True,True,143,6,1,7,0.04895104895104895,0.04195804195804196,career,Career totals (downloaded Congresses),"113,114,115,116,117,118,119"
K000398,"Thomas H. Kean, Jr.",House,Republican,NJ,7,NJ-7,Representative,True,2023-01-03,3.6,456917,False,False,False,False,False,True,True,49,0,0,0,0.0,0.0,career,Career totals (downloaded Congresses),"113,114,115,116,117,118,119"
M001226,Robert Menendez,House,Democratic,NJ,8,NJ-8,Representative,True,2023-01-03,3.6,456918,False,False,False,False,False,True,True,31,0,0,0,0.0,0.0,career,Career totals (downloaded Congresses),"113,114,115,116,117,118,119"
P000621,Nellie Pou,House,Democratic,NJ,9,NJ-9,Representative,True,2025-01-03,1.6,457009,False,False,False,False,False,False,True,13,0,0,0,0.0,0.0,career,Career totals (downloaded Congresses),"113,114,115,116,117,118,119"
S001218,Melanie A. Stansbury,House,Democratic,NM,1,NM-1,Representative,True,2021-06-14,5.2,456861,False,False,False,False,True,True,True,52,0,0,0,0.0,0.0,career,Career totals (downloaded Congresses),"113,114,115,116,117,118,119"
V000136,Gabe Vasquez,House,Democratic,NM,2,NM-2,Representative,True,2023-01-03,3.6,456919,False,False,False,False,False,True,True,60,0,0,0,0.0,0.0,career,Career totals (downloaded Congresses),"113,114,115,116,117,118,119"
L000273,Teresa Leger Fernandez,House,Democratic,NM,3,NM-3,Representative,True,2021-01-03,5.6,456835,False,False,False,False,True,True,True,93,1,1,2,0.021505376344086023,0.010752688172043012,career,Career totals (downloaded Congresses),"113,114,115,116,117,118,119"
T000468,Dina Titus,House,Democratic,NV,1,NV-1,Representative,True,2009-01-06,17.6,412318,True,True,True,True,True,True,True,198,2,2,4,0.020202020202020204,0.010101010101010102,career,Career totals (downloaded Congresses),"113,114,115,116,117,118,119"
A000369,Mark E. Amodei,House,Republican,NV,2,NV-2,Representative,True,2011-09-13,14.9,412500,True,True,True,True,True,True,True,78,2,1,3,0.038461538461538464,0.02564102564102564,career,Career totals (downloaded Congresses),"113,114,115,116,117,118,119"
L000590,Susie Lee,House,Democratic,NV,3,NV-3,Representative,True,2019-01-03,7.6,412802,False,False,False,True,True,True,True,90,3,2,5,0.05555555555555555,0.03333333333333333,career,Career totals (downloaded Congresses),"113,114,115,116,117,118,119"
H001066,Steven Horsford,House,Democratic,NV,4,NV-4,Representative,True,2013-01-03,13.6,412559,True,False,False,True,True,True,True,112,1,0,1,0.008928571428571428,0.008928571428571428,career,Career totals (downloaded Congresses),"113,114,115,116,117,118,119"
L000598,Nick LaLota,House,Republican,NY,1,NY-1,Representative,True,2023-01-03,3.6,456920,False,False,False,False,False,True,True,47,1,1,2,0.0425531914893617,0.02127659574468085,career,Career totals (downloaded Congresses),"113,114,115,116,117,118,119"
G000599,Daniel S. Goldman,House,Democratic,NY,10,NY-10,Representative,True,2023-01-03,3.6,456923,False,False,False,False,False,True,True,58,0,0,0,0.0,0.0,career,Career totals (downloaded Congresses),"113,114,115,116,117,118,119"
M000317,Nicole Malliotakis,House,Republican,NY,11,NY-11,Representative,True,2021-01-03,5.6,456837,False,False,False,False,True,True,True,119,0,0,0,0.0,0.0,career,Career totals (downloaded Congresses),"113,114,115,116,117,118,119"
N000002,Jerrold Nadler,House,Democratic,NY,12,NY-12,Representative,True,1992-11-03,33.8,400289,True,True,True,True,True,True,True,140,4,0,4,0.02857142857142857,0.02857142857142857,career,Career totals (downloaded Congresses),"113,114,115,116,117,118,119"
E000297,Adriano Espaillat,House,Democratic,NY,13,NY-13,Representative,True,2017-01-03,9.6,412718,False,False,True,True,True,True,True,157,3,0,3,0.01910828025477707,0.01910828025477707,career,Career totals (downloaded Congresses),"113,114,115,116,117,118,119"
O000172,Alexandria Ocasio-Cortez,House,Democratic,NY,14,NY-14,Representative,True,2019-01-03,7.6,412804,False,False,False,True,True,True,True,54,0,0,0,0.0,0.0,career,Career totals (downloaded Congresses),"113,114,115,116,117,118,119"
T000486,Ritchie Torres,House,Democratic,NY,15,NY-15,Representative,True,2021-01-03,5.6,456838,False,False,False,False,True,True,True,147,1,0,1,0.006802721088435374,0.006802721088435374,career,Career totals (downloaded Congresses),"113,114,115,116,117,118,119"
L000606,George Latimer,House,Democratic,NY,16,NY-16,Representative,True,2025-01-03,1.6,457011,False,False,False,False,False,False,True,8,0,0,0,0.0,0.0,career,Career totals (downloaded Congresses),"113,114,115,116,117,118,119"
L000599,Michael Lawler,House,Republican,NY,17,NY-17,Representative,True,2023-01-03,3.6,456924,False,False,False,False,False,True,True,170,1,0,1,0.0058823529411764705,0.0058823529411764705,career,Career totals (downloaded Congresses),"113,114,115,116,117,118,119"
R000579,Patrick Ryan,House,Democratic,NY,18,NY-18,Representative,True,2022-09-13,3.9,456871,False,False,False,False,True,True,True,39,0,0,0,0.0,0.0,career,Career totals (downloaded Congresses),"113,114,115,116,117,118,119"
R000622,Josh Riley,House,Democratic,NY,19,NY-19,Representative,True,2025-01-03,1.6,457012,False,False,False,False,False,False,True,16,0,0,0,0.0,0.0,career,Career totals (downloaded Congresses),"113,114,115,116,117,118,119"
G000597,Andrew R. Garbarino,House,Republican,NY,2,NY-2,Representative,True,2021-01-03,5.6,456836,False,False,False,False,True,True,True,76,0,0,0,0.0,0.0,career,Career totals (downloaded Congresses),"113,114,115,116,117,118,119"
T000469,Paul Tonko,House,Democratic,NY,20,NY-20,Representative,True,2009-01-06,17.6,412319,True,True,True,True,True,True,True,142,2,0,2,0.014084507042253521,0.014084507042253521,career,Career totals (downloaded Congresses),"113,114,115,116,117,118,119"
S001196,Elise M. Stefanik,House,Republican,NY,21,NY-21,Representative,True,2015-01-06,11.6,412648,False,True,True,True,True,True,True,167,2,0,2,0.011976047904191617,0.011976047904191617,career,Career totals (downloaded Congresses),"113,114,115,116,117,118,119"
M001231,John W. Mannion,House,Democratic,NY,22,NY-22,Representative,True,2025-01-03,1.6,457013,False,False,False,False,False,False,True,9,0,0,0,0.0,0.0,career,Career totals (downloaded Congresses),"113,114,115,116,117,118,119"
L000600,Nicholas A. Langworthy,House,Republican,NY,23,NY-23,Representative,True,2023-01-03,3.6,456927,False,False,False,False,False,True,True,65,1,0,1,0.015384615384615385,0.015384615384615385,career,Career totals (downloaded Congresses),"113,114,115,116,117,118,119"
T000478,Claudia Tenney,House,Republican,NY,24,NY-24,Representative,True,2017-01-03,9.6,412720,False,False,True,False,True,True,True,185,0,0,0,0.0,0.0,career,Career totals (downloaded Congresses),"113,114,115,116,117,118,119"
M001206,Joseph D. Morelle,House,Democratic,NY,25,NY-25,Representative,True,2018-11-13,7.8,412749,False,False,True,True,True,True,True,99,1,0,1,0.010101010101010102,0.010101010101010102,career,Career totals (downloaded Congresses),"113,114,115,116,117,118,119"
K000402,Timothy M. Kennedy,House,Democratic,NY,26,NY-26,Representative,True,2024-05-06,2.3,456957,False,False,False,False,False,True,True,32,0,0,0,0.0,0.0,career,Career totals (downloaded Congresses),"113,114,115,116,117,118,119"
S001201,Thomas R. Suozzi,House,Democratic,NY,3,NY-3,Representative,True,2017-01-03,9.6,412717,False,False,True,True,True,True,True,66,2,0,2,0.030303030303030304,0.030303030303030304,career,Career totals (downloaded Congresses),"113,114,115,116,117,118,119"
G000602,Laura Gillen,House,Democratic,NY,4,NY-4,Representative,True,2025-01-03,1.6,457010,False,False,False,False,False,False,True,19,0,0,0,0.0,0.0,career,Career totals (downloaded Congresses),"113,114,115,116,117,118,119"
M001137,Gregory W. Meeks,House,Democratic,NY,5,NY-5,Representative,True,1997-01-07,29.6,400271,True,True,True,True,True,True,True,110,2,1,3,0.02727272727272727,0.01818181818181818,career,Career totals (downloaded Congresses),"113,114,115,116,117,118,119"
M001188,Grace Meng,House,Democratic,NY,6,NY-6,Representative,True,2013-01-03,13.6,412560,True,True,True,True,True,True,True,234,3,0,3,0.01282051282051282,0.01282051282051282,career,Career totals (downloaded Congresses),"113,114,115,116,117,118,119"
V000081,Nydia M. Velázquez,House,Democratic,NY,7,NY-7,Representative,True,1993-01-05,33.6,400416,True,True,True,True,True,True,True,286,4,0,4,0.013986013986013986,0.013986013986013986,career,Career totals (downloaded Congresses),"113,114,115,116,117,118,119"
J000294,Hakeem S. Jeffries,House,Democratic,NY,8,NY-8,Representative,True,2013-01-03,13.6,412561,True,True,True,True,True,True,True,86,9,0,9,0.10465116279069768,0.10465116279069768,career,Career totals (downloaded Congresses),"113,114,115,116,117,118,119"
C001067,Yvette D. Clarke,House,Democratic,NY,9,NY-9,Representative,True,2007-01-04,19.6,412221,True,True,True,True,True,True,True,128,1,0,1,0.0078125,0.0078125,career,Career totals (downloaded Congresses),"113,114,115,116,117,118,119"
L000601,Greg Landsman,House,Democratic,OH,1,OH-1,Representative,True,2023-01-03,3.6,456928,False,False,False,False,False,True,True,42,0,0,0,0.0,0.0,career,Career totals (downloaded Congresses),"113,114,115,116,117,118,119"
T000463,Michael R. Turner,House,Republican,OH,10,OH-10,Representative,True,2003-01-07,23.6,400411,True,True,True,True,True,True,True,99,0,2,2,0.020202020202020204,0.0,career,Career totals (downloaded Congresses),"113,114,115,116,117,118,119"
B001313,Shontel M. Brown,House,Democratic,OH,11,OH-11,Representative,True,2021-11-04,4.8,456863,False,False,False,False,True,True,True,36,0,0,0,0.0,0.0,career,Career totals (downloaded Congresses),"113,114,115,116,117,118,119"
B001306,Troy Balderson,House,Republican,OH,12,OH-12,Representative,True,2018-09-05,7.9,412747,False,False,True,True,True,True,True,54,1,0,1,0.018518518518518517,0.018518518518518517,career,Career totals (downloaded Congresses),"113,114,115,116,117,118,119"
S001223,Emilia Strong Sykes,House,Democratic,OH,13,OH-13,Representative,True,2023-01-03,3.6,456930,False,False,False,False,False,True,True,57,2,0,2,0.03508771929824561,0.03508771929824561,career,Career totals (downloaded Congresses),"113,114,115,116,117,118,119"
J000295,David P. Joyce,House,Republican,OH,14,OH-14,Representative,True,2013-01-03,13.6,412566,True,True,True,True,True,True,True,105,4,2,6,0.05714285714285714,0.0380952380952381,career,Career totals (downloaded Congresses),"113,114,115,116,117,118,119"
C001126,Mike Carey,House,Republican,OH,15,OH-15,Representative,True,2021-11-04,4.8,456864,False,False,False,False,True,True,True,59,2,1,3,0.05084745762711865,0.03389830508474576,career,Career totals (downloaded Congresses),"113,114,115,116,117,118,119"
T000490,David J. Taylor,House,Republican,OH,2,OH-2,Representative,True,2025-01-03,1.6,457014,False,False,False,False,False,False,True,30,0,0,0,0.0,0.0,career,Career totals (downloaded Congresses),"113,114,115,116,117,118,119"
B001281,Joyce Beatty,House,Democratic,OH,3,OH-3,Representative,True,2013-01-03,13.6,412565,True,True,True,True,True,True,True,130,1,0,1,0.007692307692307693,0.007692307692307693,career,Career totals (downloaded Congresses),"113,114,115,116,117,118,119"
J000289,Jim Jordan,House,Republican,OH,4,OH-4,Representative,True,2007-01-04,19.6,412226,True,True,True,True,True,True,True,12,0,0,0,0.0,0.0,career,Career totals (downloaded Congresses),"113,114,115,116,117,118,119"
L000566,Robert E. Latta,House,Republican,OH,5,OH-5,Representative,True,2007-12-13,18.7,412256,True,True,True,True,True,True,True,160,8,2,10,0.0625,0.05,career,Career totals (downloaded Congresses),"113,114,115,116,117,118,119"
R000619,Michael A. Rulli,House,Republican,OH,6,OH-6,Representative,True,2024-06-11,2.2,456959,False,False,False,False,False,True,True,15,0,0,0,0.0,0.0,career,Career totals (downloaded Congresses),"113,114,115,116,117,118,119"
M001222,Max L. Miller,House,Republican,OH,7,OH-7,Representative,True,2023-01-03,3.6,456929,False,False,False,False,False,True,True,35,0,0,0,0.0,0.0,career,Career totals (downloaded Congresses),"113,114,115,116,117,118,119"
D000626,Warren Davidson,House,Republican,OH,8,OH-8,Representative,True,2016-06-09,10.2,412675,False,True,True,True,True,True,True,124,0,0,0,0.0,0.0,career,Career totals (downloaded Congresses),"113,114,115,116,117,118,119"
K000009,Marcy Kaptur,House,Democratic,OH,9,OH-9,Representative,True,1983-01-03,43.6,400211,True,True,True,True,True,True,True,102,2,1,3,0.029411764705882353,0.0196078431372549,career,Career totals (downloaded Congresses),"113,114,115,116,117,118,119"
H001082,Kevin Hern,House,Republican,OK,1,OK-1,Representative,True,2018-11-13,7.8,412748,False,False,True,True,True,True,True,59,2,0,2,0.03389830508474576,0.03389830508474576,career,Career totals (downloaded Congresses),"113,114,115,116,117,118,119"
B001317,Josh Brecheen,House,Republican,OK,2,OK-2,Representative,True,2023-01-03,3.6,456931,False,False,False,False,False,True,True,30,1,0,1,0.03333333333333333,0.03333333333333333,career,Career totals (downloaded Congresses),"113,114,115,116,117,118,119"
L000491,Frank D. Lucas,House,Republican,OK,3,OK-3,Representative,True,1993-05-10,33.3,400247,True,True,True,True,True,True,True,66,4,0,4,0.06060606060606061,0.06060606060606061,career,Career totals (downloaded Congresses),"113,114,115,116,117,118,119"
C001053,Tom Cole,House,Republican,OK,4,OK-4,Representative,True,2003-01-07,23.6,400077,True,True,True,True,True,True,True,80,9,0,9,0.1125,0.1125,career,Career totals (downloaded Congresses),"113,114,115,116,117,118,119"
B000740,Stephanie I. Bice,House,Republican,OK,5,OK-5,Representative,True,2021-01-03,5.6,456841,False,False,False,False,True,True,True,76,2,0,2,0.02631578947368421,0.02631578947368421,career,Career totals (downloaded Congresses),"113,114,115,116,117,118,119"
B001278,Suzanne Bonamici,House,Democratic,OR,1,OR-1,Representative,True,2012-02-07,14.5,412501,True,True,True,True,True,True,True,203,4,0,4,0.019704433497536946,0.019704433497536946,career,Career totals (downloaded Congresses),"113,114,115,116,117,118,119"
B000668,Cliff Bentz,House,Republican,OR,2,OR-2,Representative,True,2021-01-03,5.6,456842,False,False,False,False,True,True,True,28,1,0,1,0.03571428571428571,0.03571428571428571,career,Career totals (downloaded Congresses),"113,114,115,116,117,118,119"
D000635,Maxine Dexter,House,Democratic,OR,3,OR-3,Representative,True,2025-01-03,1.6,457015,False,False,False,False,False,False,True,15,1,0,1,0.06666666666666667,0.06666666666666667,career,Career totals (downloaded Congresses),"113,114,115,116,117,118,119"
H001094,Val T. Hoyle,House,Democratic,OR,4,OR-4,Representative,True,2023-01-03,3.6,456932,False,False,False,False,False,True,True,25,1,0,1,0.04,0.04,career,Career totals (downloaded Congresses),"113,114,115,116,117,118,119"
B001326,Janelle S. Bynum,House,Democratic,OR,5,OR-5,Representative,True,2025-01-03,1.6,457016,False,False,False,False,False,False,True,20,0,0,0,0.0,0.0,career,Career totals (downloaded Congresses),"113,114,115,116,117,118,119"
S001226,Andrea Salinas,House,Democratic,OR,6,OR-6,Representative,True,2023-01-03,3.6,456934,False,False,False,False,False,True,True,55,1,0,1,0.01818181818181818,0.01818181818181818,career,Career totals (downloaded Congresses),"113,114,115,116,117,118,119"
F000466,Brian K. Fitzpatrick,House,Republican,PA,1,PA-1,Representative,True,2017-01-03,9.6,412721,False,False,True,True,True,True,True,205,2,1,3,0.014634146341463415,0.00975609756097561,career,Career totals (downloaded Congresses),"113,114,115,116,117,118,119"
P000605,Scott Perry,House,Republican,PA,10,PA-10,Representative,True,2013-01-03,13.6,412569,True,True,True,True,True,True,True,224,1,0,1,0.004464285714285714,0.004464285714285714,career,Career totals (downloaded Congresses),"113,114,115,116,117,118,119"
S001199,Lloyd Smucker,House,Republican,PA,11,PA-11,Representative,True,2017-01-03,9.6,412722,False,False,True,True,True,True,True,107,1,0,1,0.009345794392523364,0.009345794392523364,career,Career totals (downloaded Congresses),"113,114,115,116,117,118,119"
L000602,Summer L. Lee,House,Democratic,PA,12,PA-12,Representative,True,2023-01-03,3.6,456935,False,False,False,False,False,True,True,36,1,0,1,0.027777777777777776,0.027777777777777776,career,Career totals (downloaded Congresses),"113,114,115,116,117,118,119"
J000302,John Joyce,House,Republican,PA,13,PA-13,Representative,True,2019-01-03,7.6,412812,False,False,False,True,True,True,True,60,1,1,2,0.03333333333333333,0.016666666666666666,career,Career totals (downloaded Congresses),"113,114,115,116,117,118,119"
R000610,Guy Reschenthaler,House,Republican,PA,14,PA-14,Representative,True,2019-01-03,7.6,412813,False,False,False,True,True,True,True,35,0,1,1,0.02857142857142857,0.0,career,Career totals (downloaded Congresses),"113,114,115,116,117,118,119"
T000467,Glenn Thompson,House,Republican,PA,15,PA-15,Representative,True,2009-01-06,17.6,412317,True,True,True,True,True,True,True,106,2,0,2,0.018867924528301886,0.018867924528301886,career,Career totals (downloaded Congresses),"113,114,115,116,117,118,119"
K000376,Mike Kelly,House,Republican,PA,16,PA-16,Representative,True,2011-01-05,15.6,412465,True,True,True,True,True,True,True,153,5,1,6,0.0392156862745098,0.032679738562091505,career,Career totals (downloaded Congresses),"113,114,115,116,117,118,119"
D000530,Christopher R. Deluzio,House,Democratic,PA,17,PA-17,Representative,True,2023-01-03,3.6,456936,False,False,False,False,False,True,True,55,0,0,0,0.0,0.0,career,Career totals (downloaded Congresses),"113,114,115,116,117,118,119"
B001296,Brendan F. Boyle,House,Democratic,PA,2,PA-2,Representative,True,2015-01-06,11.6,412652,False,True,True,True,True,True,True,101,3,0,3,0.0297029702970297,0.0297029702970297,career,Career totals (downloaded Congresses),"113,114,115,116,117,118,119"
E000296,Dwight Evans,House,Democratic,PA,3,PA-3,Representative,True,2016-11-14,9.7,412677,False,True,True,True,True,True,True,50,1,0,1,0.02,0.02,career,Career totals (downloaded Congresses),"113,114,115,116,117,118,119"
D000631,Madeleine Dean,House,Democratic,PA,4,PA-4,Representative,True,2019-01-03,7.6,412809,False,False,False,True,True,True,True,94,0,0,0,0.0,0.0,career,Career totals (downloaded Congresses),"113,114,115,116,117,118,119"
S001205,Mary Gay Scanlon,House,Democratic,PA,5,PA-5,Representative,True,2018-11-13,7.8,412750,False,False,True,True,True,True,True,73,0,1,1,0.0136986301369863,0.0,career,Career totals (downloaded Congresses),"113,114,115,116,117,118,119"
H001085,Chrissy Houlahan,House,Democratic,PA,6,PA-6,Representative,True,2019-01-03,7.6,412810,False,False,False,True,True,True,True,92,0,0,0,0.0,0.0,career,Career totals (downloaded Congresses),"113,114,115,116,117,118,119"
M001230,Ryan Mackenzie,House,Republican,PA,7,PA-7,Representative,True,2025-01-03,1.6,457017,False,False,False,False,False,False,True,26,0,0,0,0.0,0.0,career,Career totals (downloaded Congresses),"113,114,115,116,117,118,119"
B001327,"Robert P. Bresnahan, Jr.",House,Republican,PA,8,PA-8,Representative,True,2025-01-03,1.6,457018,False,False,False,False,False,False,True,18,0,0,0,0.0,0.0,career,Career totals (downloaded Congresses),"113,114,115,116,117,118,119"
M001204,Daniel Meuser,House,Republican,PA,9,PA-9,Representative,True,2019-01-03,7.6,412811,False,False,False,True,True,True,True,61,2,0,2,0.03278688524590164,0.03278688524590164,career,Career totals (downloaded Congresses),"113,114,115,116,117,118,119"
H001103,Pablo José Hernández,House,Democratic,PR,At-Large,PR-AL,Delegate/Resident Commissioner,False,2025-01-03,1.6,457019,False,False,False,False,False,False,True,26,0,0,0,0.0,0.0,career,Career totals (downloaded Congresses),"113,114,115,116,117,118,119"
A000380,Gabe Amo,House,Democratic,RI,1,RI-1,Representative,True,2023-11-07,2.8,456955,False,False,False,False,False,True,True,20,0,0,0,0.0,0.0,career,Career totals (downloaded Congresses),"113,114,115,116,117,118,119"
M001223,Seth Magaziner,House,Democratic,RI,2,RI-2,Representative,True,2023-01-03,3.6,456937,False,False,False,False,False,True,True,43,0,0,0,0.0,0.0,career,Career totals (downloaded Congresses),"113,114,115,116,117,118,119"
M000194,Nancy Mace,House,Republican,SC,1,SC-1,Representative,True,2021-01-03,5.6,456843,False,False,False,False,True,True,True,168,1,0,1,0.005952380952380952,0.005952380952380952,career,Career totals (downloaded Congresses),"113,114,115,116,117,118,119"
W000795,Joe Wilson,House,Republican,SC,2,SC-2,Representative,True,2001-12-18,24.7,400433,True,True,True,True,True,True,True,117,0,2,2,0.017094017094017096,0.0,career,Career totals (downloaded Congresses),"113,114,115,116,117,118,119"
B001325,Sheri Biggs,House,Republican,SC,3,SC-3,Representative,True,2025-01-03,1.6,457020,False,False,False,False,False,False,True,16,0,0,0,0.0,0.0,career,Career totals (downloaded Congresses),"113,114,115,116,117,118,119"
T000480,William R. Timmons IV,House,Republican,SC,4,SC-4,Representative,True,2019-01-03,7.6,412815,False,False,False,True,True,True,True,35,1,0,1,0.02857142857142857,0.02857142857142857,career,Career totals (downloaded Congresses),"113,114,115,116,117,118,119"
N000190,Ralph Norman,House,Republican,SC,5,SC-5,Representative,True,2017-06-26,9.1,412738,False,False,True,True,True,True,True,111,2,1,3,0.02702702702702703,0.018018018018018018,career,Career totals (downloaded Congresses),"113,114,115,116,117,118,119"
C000537,James E. Clyburn,House,Democratic,SC,6,SC-6,Representative,True,1993-01-05,33.6,400075,True,True,True,True,True,True,True,60,4,1,5,0.08333333333333333,0.06666666666666667,career,Career totals (downloaded Congresses),"113,114,115,116,117,118,119"
F000478,Russell Fry,House,Republican,SC,7,SC-7,Representative,True,2023-01-03,3.6,456938,False,False,False,False,False,True,True,26,4,0,4,0.15384615384615385,0.15384615384615385,career,Career totals (downloaded Congresses),"113,114,115,116,117,118,119"
J000301,Dusty Johnson,House,Republican,SD,At-Large,SD-AL,Representative,True,2019-01-03,7.6,412816,False,False,False,True,True,True,True,128,3,0,3,0.0234375,0.0234375,career,Career totals (downloaded Congresses),"113,114,115,116,117,118,119"
H001086,Diana Harshbarger,House,Republican,TN,1,TN-1,Representative,True,2021-01-03,5.6,456844,False,False,False,False,True,True,True,71,0,0,0,0.0,0.0,career,Career totals (downloaded Congresses),"113,114,115,116,117,118,119"
B001309,Tim Burchett,House,Republican,TN,2,TN-2,Representative,True,2019-01-03,7.6,412817,False,False,False,True,True,True,True,124,0,1,1,0.008064516129032258,0.0,career,Career totals (downloaded Congresses),"113,114,115,116,117,118,119"
F000459,"Charles J. ""Chuck"" Fleischmann",House,Republican,TN,3,TN-3,Representative,True,2011-01-05,15.6,412476,True,True,True,True,True,True,True,38,0,0,0,0.0,0.0,career,Career totals (downloaded Congresses),"113,114,115,116,117,118,119"
D000616,Scott DesJarlais,House,Republican,TN,4,TN-4,Representative,True,2011-01-05,15.6,412477,True,True,True,True,True,True,True,40,0,0,0,0.0,0.0,career,Career totals (downloaded Congresses),"113,114,115,116,117,118,119"
O000175,Andrew Ogles,House,Republican,TN,5,TN-5,Representative,True,2023-01-03,3.6,456939,False,False,False,False,False,True,True,110,0,0,0,0.0,0.0,career,Career totals (downloaded Congresses),"113,114,115,116,117,118,119"
R000612,John W. Rose,House,Republican,TN,6,TN-6,Representative,True,2019-01-03,7.6,412818,False,False,False,True,True,True,True,31,2,0,2,0.06451612903225806,0.06451612903225806,career,Career totals (downloaded Congresses),"113,114,115,116,117,118,119"
V000139,Matt Van Epps,House,Republican,TN,7,TN-7,Representative,True,2025-12-04,0.7,457038,False,False,False,False,False,False,True,6,0,0,0,0.0,0.0,career,Career totals (downloaded Congresses),"113,114,115,116,117,118,119"
K000392,David Kustoff,House,Republican,TN,8,TN-8,Representative,True,2017-01-03,9.6,412724,False,False,True,True,True,True,True,95,2,2,4,0.042105263157894736,0.021052631578947368,career,Career totals (downloaded Congresses),"113,114,115,116,117,118,119"
C001068,Steve Cohen,House,Democratic,TN,9,TN-9,Representative,True,2007-01-04,19.6,412236,True,True,True,True,True,True,True,316,7,0,7,0.022151898734177215,0.022151898734177215,career,Career totals (downloaded Congresses),"113,114,115,116,117,118,119"
M001224,Nathaniel Moran,House,Republican,TX,1,TX-1,Representative,True,2023-01-03,3.6,456940,False,False,False,False,False,True,True,42,0,0,0,0.0,0.0,career,Career totals (downloaded Congresses),"113,114,115,116,117,118,119"
M001157,Michael T. McCaul,House,Republican,TX,10,TX-10,Representative,True,2005-01-04,21.6,400654,True,True,True,True,True,True,True,166,9,5,14,0.08433734939759036,0.05421686746987952,career,Career totals (downloaded Congresses),"113,114,115,116,117,118,119"
P000048,August Pfluger,House,Republican,TX,11,TX-11,Representative,True,2021-01-03,5.6,456846,False,False,False,False,True,True,True,147,1,0,1,0.006802721088435374,0.006802721088435374,career,Career totals (downloaded Congresses),"113,114,115,116,117,118,119"
G000601,Craig A. Goldman,House,Republican,TX,12,TX-12,Representative,True,2025-01-03,1.6,457021,False,False,False,False,False,False,True,12,1,0,1,0.08333333333333333,0.08333333333333333,career,Career totals (downloaded Congresses),"113,114,115,116,117,118,119"
J000304,Ronny Jackson,House,Republican,TX,13,TX-13,Representative,True,2021-01-03,5.6,456847,False,False,False,False,True,True,True,83,1,0,1,0.012048192771084338,0.012048192771084338,career,Career totals (downloaded Congresses),"113,114,115,116,117,118,119"
W000814,"Randy K. Weber, Sr.",House,Republican,TX,14,TX-14,Representative,True,2013-01-03,13.6,412574,True,True,True,True,True,True,True,80,0,0,0,0.0,0.0,career,Career totals (downloaded Congresses),"113,114,115,116,117,118,119"
D000594,Monica De La Cruz,House,Republican,TX,15,TX-15,Representative,True,2023-01-03,3.6,456943,False,False,False,False,False,True,True,60,2,0,2,0.03333333333333333,0.03333333333333333,career,Career totals (downloaded Congresses),"113,114,115,116,117,118,119"
E000299,Veronica Escobar,House,Democratic,TX,16,TX-16,Representative,True,2019-01-03,7.6,412825,False,False,False,True,True,True,True,68,1,0,1,0.014705882352941176,0.014705882352941176,career,Career totals (downloaded Congresses),"113,114,115,116,117,118,119"
S000250,Pete Sessions,House,Republican,TX,17,TX-17,Representative,True,1997-01-07,29.6,400367,True,True,True,False,True,True,True,65,2,0,2,0.03076923076923077,0.03076923076923077,career,Career totals (downloaded Congresses),"113,114,115,116,117,118,119"
M001245,Christian D. Menefee,House,Democratic,TX,18,TX-18,Representative,True,2026-02-02,0.5,457039,False,False,False,False,False,False,True,4,0,0,0,0.0,0.0,career,Career totals (downloaded Congresses),"113,114,115,116,117,118,119"
A000375,Jodey C. Arrington,House,Republican,TX,19,TX-19,Representative,True,2017-01-03,9.6,412726,False,False,True,True,True,True,True,161,2,2,4,0.024844720496894408,0.012422360248447204,career,Career totals (downloaded Congresses),"113,114,115,116,117,118,119"
C001120,Dan Crenshaw,House,Republican,TX,2,TX-2,Representative,True,2019-01-03,7.6,412820,False,False,False,True,True,True,True,86,0,0,0,0.0,0.0,career,Career totals (downloaded Congresses),"113,114,115,116,117,118,119"
C001091,Joaquin Castro,House,Democratic,TX,20,TX-20,Representative,True,2013-01-03,13.6,412576,True,True,True,True,True,True,True,142,1,0,1,0.007042253521126761,0.007042253521126761,career,Career totals (downloaded Congresses),"113,114,115,116,117,118,119"
R000614,Chip Roy,House,Republican,TX,21,TX-21,Representative,True,2019-01-03,7.6,412826,False,False,False,True,True,True,True,169,0,0,0,0.0,0.0,career,Career totals (downloaded Congresses),"113,114,115,116,117,118,119"
N000026,Troy E. Nehls,House,Republican,TX,22,TX-22,Representative,True,2021-01-03,5.6,456848,False,False,False,False,True,True,True,83,2,0,2,0.024096385542168676,0.024096385542168676,career,Career totals (downloaded Congresses),"113,114,115,116,117,118,119"
V000134,Beth Van Duyne,House,Republican,TX,24,TX-24,Representative,True,2021-01-03,5.6,456850,False,False,False,False,True,True,True,104,0,0,0,0.0,0.0,career,Career totals (downloaded Congresses),"113,114,115,116,117,118,119"
W000816,Roger Williams,House,Republican,TX,25,TX-25,Representative,True,2013-01-03,13.6,412578,True,True,True,True,True,True,True,115,1,0,1,0.008695652173913044,0.008695652173913044,career,Career totals (downloaded Congresses),"113,114,115,116,117,118,119"
G000603,Brandon Gill,House,Republican,TX,26,TX-26,Representative,True,2025-01-03,1.6,457023,False,False,False,False,False,False,True,23,1,0,1,0.043478260869565216,0.043478260869565216,career,Career totals (downloaded Congresses),"113,114,115,116,117,118,119"
C001115,Michael Cloud,House,Republican,TX,27,TX-27,Representative,True,2018-07-10,8.1,412746,False,False,True,True,True,True,True,67,1,0,1,0.014925373134328358,0.014925373134328358,career,Career totals (downloaded Congresses),"113,114,115,116,117,118,119"
C001063,Henry Cuellar,House,Democratic,TX,28,TX-28,Representative,True,2005-01-04,21.6,400657,True,True,True,True,True,True,True,51,10,3,13,0.2549019607843137,0.19607843137254902,career,Career totals (downloaded Congresses),"113,114,115,116,117,118,119"
G000587,Sylvia R. Garcia,House,Democratic,TX,29,TX-29,Representative,True,2019-01-03,7.6,412827,False,False,False,True,True,True,True,75,3,1,4,0.05333333333333334,0.04,career,Career totals (downloaded Congresses),"113,114,115,116,117,118,119"
S001224,Keith Self,House,Republican,TX,3,TX-3,Representative,True,2023-01-03,3.6,456941,False,False,False,False,False,True,True,77,1,0,1,0.012987012987012988,0.012987012987012988,career,Career totals (downloaded Congresses),"113,114,115,116,117,118,119"
C001130,Jasmine Crockett,House,Democratic,TX,30,TX-30,Representative,True,2023-01-03,3.6,456944,False,False,False,False,False,True,True,31,0,0,0,0.0,0.0,career,Career totals (downloaded Congresses),"113,114,115,116,117,118,119"
C001051,John R. Carter,House,Republican,TX,31,TX-31,Representative,True,2003-01-07,23.6,400068,True,True,True,True,True,True,True,50,5,0,5,0.1,0.1,career,Career totals (downloaded Congresses),"113,114,115,116,117,118,119"
J000310,Julie Johnson,House,Democratic,TX,32,TX-32,Representative,True,2025-01-03,1.6,457024,False,False,False,False,False,False,True,23,0,0,0,0.0,0.0,career,Career totals (downloaded Congresses),"113,114,115,116,117,118,119"
V000131,Marc A. Veasey,House,Democratic,TX,33,TX-33,Representative,True,2013-01-03,13.6,412579,True,True,True,True,True,True,True,85,1,0,1,0.011764705882352941,0.011764705882352941,career,Career totals (downloaded Congresses),"113,114,115,116,117,118,119"
G000581,Vicente Gonzalez,House,Democratic,TX,34,TX-34,Representative,True,2017-01-03,9.6,412725,False,False,True,True,True,True,True,50,1,0,1,0.02,0.02,career,Career totals (downloaded Congresses),"113,114,115,116,117,118,119"
C001131,Greg Casar,House,Democratic,TX,35,TX-35,Representative,True,2023-01-03,3.6,456945,False,False,False,False,False,True,True,14,0,0,0,0.0,0.0,career,Career totals (downloaded Congresses),"113,114,115,116,117,118,119"
B001291,Brian Babin,House,Republican,TX,36,TX-36,Representative,True,2015-01-06,11.6,412655,False,True,True,True,True,True,True,84,2,0,2,0.023809523809523808,0.023809523809523808,career,Career totals (downloaded Congresses),"113,114,115,116,117,118,119"
D000399,Lloyd Doggett,House,Democratic,TX,37,TX-37,Representative,True,1995-01-04,31.6,400111,True,True,True,True,True,True,True,142,4,3,7,0.04929577464788732,0.028169014084507043,career,Career totals (downloaded Congresses),"113,114,115,116,117,118,119"
H001095,Wesley Hunt,House,Republican,TX,38,TX-38,Representative,True,2023-01-03,3.6,456946,False,False,False,False,False,True,True,24,1,1,2,0.08333333333333333,0.041666666666666664,career,Career totals (downloaded Congresses),"113,114,115,116,117,118,119"
F000246,Pat Fallon,House,Republican,TX,4,TX-4,Representative,True,2021-01-03,5.6,456845,False,False,False,False,True,True,True,53,0,0,0,0.0,0.0,career,Career totals (downloaded Congresses),"113,114,115,116,117,118,119"
G000589,Lance Gooden,House,Republican,TX,5,TX-5,Representative,True,2019-01-03,7.6,412822,False,False,False,True,True,True,True,61,0,1,1,0.01639344262295082,0.0,career,Career totals (downloaded Congresses),"113,114,115,116,117,118,119"
E000071,Jake Ellzey,House,Republican,TX,6,TX-6,Representative,True,2021-07-30,5.0,456862,False,False,False,False,True,True,True,8,0,1,1,0.125,0.0,career,Career totals (downloaded Congresses),"113,114,115,116,117,118,119"
F000468,Lizzie Fletcher,House,Democratic,TX,7,TX-7,Representative,True,2019-01-03,7.6,412824,False,False,False,True,True,True,True,50,2,0,2,0.04,0.04,career,Career totals (downloaded Congresses),"113,114,115,116,117,118,119"
L000603,Morgan Luttrell,House,Republican,TX,8,TX-8,Representative,True,2023-01-03,3.6,456942,False,False,False,False,False,True,True,41,2,2,4,0.0975609756097561,0.04878048780487805,career,Career totals (downloaded Congresses),"113,114,115,116,117,118,119"
G000553,Al Green,House,Democratic,TX,9,TX-9,Representative,True,2005-01-04,21.6,400653,True,True,True,True,True,True,True,162,1,0,1,0.006172839506172839,0.006172839506172839,career,Career totals (downloaded Congresses),"113,114,115,116,117,118,119"
M001213,Blake D. Moore,House,Republican,UT,1,UT-1,Representative,True,2021-01-03,5.6,456851,False,False,False,False,True,True,True,82,2,1,3,0.036585365853658534,0.024390243902439025,career,Career totals (downloaded Congresses),"113,114,115,116,117,118,119"
M001228,Celeste Maloy,House,Republican,UT,2,UT-2,Representative,True,2023-11-21,2.7,456956,False,False,False,False,False,True,True,39,3,0,3,0.07692307692307693,0.07692307692307693,career,Career totals (downloaded Congresses),"113,114,115,116,117,118,119"
K000403,Mike Kennedy,House,Republican,UT,3,UT-3,Representative,True,2025-01-03,1.6,457025,False,False,False,False,False,False,True,34,0,0,0,0.0,0.0,career,Career totals (downloaded Congresses),"113,114,115,116,117,118,119"
O000086,Burgess Owens,House,Republican,UT,4,UT-4,Representative,True,2021-01-03,5.6,456852,False,False,False,False,True,True,True,55,2,0,2,0.03636363636363636,0.03636363636363636,career,Career totals (downloaded Congresses),"113,114,115,116,117,118,119"
W000804,Robert J. Wittman,House,Republican,VA,1,VA-1,Representative,True,2007-12-13,18.7,412255,True,True,True,True,True,True,True,132,4,1,5,0.03787878787878788,0.030303030303030304,career,Career totals (downloaded Congresses),"113,114,115,116,117,118,119"
S001230,Suhas Subramanyam,House,Democratic,VA,10,VA-10,Representative,True,2025-01-03,1.6,457028,False,False,False,False,False,False,True,35,0,0,0,0.0,0.0,career,Career totals (downloaded Congresses),"113,114,115,116,117,118,119"
W000831,James R. Walkinshaw,House,Democratic,VA,11,VA-11,Representative,True,2025-09-10,0.9,457036,False,False,False,False,False,False,True,18,0,0,0,0.0,0.0,career,Career totals (downloaded Congresses),"113,114,115,116,117,118,119"
K000399,Jennifer A. Kiggans,House,Republican,VA,2,VA-2,Representative,True,2023-01-03,3.6,456947,False,False,False,False,False,True,True,70,1,1,2,0.02857142857142857,0.014285714285714285,career,Career totals (downloaded Congresses),"113,114,115,116,117,118,119"
S000185,"Robert C. ""Bobby"" Scott",House,Democratic,VA,3,VA-3,Representative,True,1993-01-05,33.6,400364,True,True,True,True,True,True,True,134,2,2,4,0.029850746268656716,0.014925373134328358,career,Career totals (downloaded Congresses),"113,114,115,116,117,118,119"
M001227,Jennifer L. McClellan,House,Democratic,VA,4,VA-4,Representative,True,2023-03-07,3.4,456953,False,False,False,False,False,True,True,38,1,0,1,0.02631578947368421,0.02631578947368421,career,Career totals (downloaded Congresses),"113,114,115,116,117,118,119"
M001239,John J. McGuire III,House,Republican,VA,5,VA-5,Representative,True,2025-01-03,1.6,457026,False,False,False,False,False,False,True,18,0,0,0,0.0,0.0,career,Career totals (downloaded Congresses),"113,114,115,116,117,118,119"
C001118,Ben Cline,House,Republican,VA,6,VA-6,Representative,True,2019-01-03,7.6,412832,False,False,False,True,True,True,True,54,1,0,1,0.018518518518518517,0.018518518518518517,career,Career totals (downloaded Congresses),"113,114,115,116,117,118,119"
V000138,Eugene Simon Vindman,House,Democratic,VA,7,VA-7,Representative,True,2025-01-03,1.6,457027,False,False,False,False,False,False,True,65,0,0,0,0.0,0.0,career,Career totals (downloaded Congresses),"113,114,115,116,117,118,119"
B001292,"Donald S. Beyer, Jr.",House,Democratic,VA,8,VA-8,Representative,True,2015-01-06,11.6,412657,False,True,True,True,True,True,True,223,1,0,1,0.004484304932735426,0.004484304932735426,career,Career totals (downloaded Congresses),"113,114,115,116,117,118,119"
G000568,H. Morgan Griffith,House,Republican,VA,9,VA-9,Representative,True,2011-01-05,15.6,412485,True,True,True,True,True,True,True,173,6,0,6,0.03468208092485549,0.03468208092485549,career,Career totals (downloaded Congresses),"113,114,115,116,117,118,119"
P000610,Stacey E. Plaskett,House,Democratic,VI,At-Large,VI-AL,Delegate/Resident Commissioner,False,2015-01-06,11.6,412659,False,True,True,True,True,True,True,113,1,0,1,0.008849557522123894,0.008849557522123894,career,Career totals (downloaded Congresses),"113,114,115,116,117,118,119"
B001318,Becca Balint,House,Democratic,VT,At-Large,VT-AL,Representative,True,2023-01-03,3.6,456948,False,False,False,False,False,True,True,36,0,0,0,0.0,0.0,career,Career totals (downloaded Congresses),"113,114,115,116,117,118,119"
D000617,Suzan K. DelBene,House,Democratic,WA,1,WA-1,Representative,True,2012-11-13,13.8,412505,True,True,True,True,True,True,True,126,3,0,3,0.023809523809523808,0.023809523809523808,career,Career totals (downloaded Congresses),"113,114,115,116,117,118,119"
S001159,Marilyn Strickland,House,Democratic,WA,10,WA-10,Representative,True,2021-01-03,5.6,456854,False,False,False,False,True,True,True,56,1,1,2,0.03571428571428571,0.017857142857142856,career,Career totals (downloaded Congresses),"113,114,115,116,117,118,119"
L000560,Rick Larsen,House,Democratic,WA,2,WA-2,Representative,True,2001-01-03,25.6,400232,True,True,True,True,True,True,True,95,0,1,1,0.010526315789473684,0.0,career,Career totals (downloaded Congresses),"113,114,115,116,117,118,119"
G000600,Marie Gluesenkamp Perez,House,Democratic,WA,3,WA-3,Representative,True,2023-01-03,3.6,456949,False,False,False,False,False,True,True,50,1,0,1,0.02,0.02,career,Career totals (downloaded Congresses),"113,114,115,116,117,118,119"
N000189,Dan Newhouse,House,Republican,WA,4,WA-4,Representative,True,2015-01-06,11.6,412660,False,True,True,True,True,True,True,103,2,1,3,0.02912621359223301,0.019417475728155338,career,Career totals (downloaded Congresses),"113,114,115,116,117,118,119"
B001322,Michael Baumgartner,House,Republican,WA,5,WA-5,Representative,True,2025-01-03,1.6,457029,False,False,False,False,False,False,True,20,0,0,0,0.0,0.0,career,Career totals (downloaded Congresses),"113,114,115,116,117,118,119"
R000621,Emily Randall,House,Democratic,WA,6,WA-6,Representative,True,2025-01-03,1.6,457030,False,False,False,False,False,False,True,12,0,0,0,0.0,0.0,career,Career totals (downloaded Congresses),"113,114,115,116,117,118,119"
J000298,Pramila Jayapal,House,Democratic,WA,7,WA-7,Representative,True,2017-01-03,9.6,412730,False,False,True,True,True,True,True,138,0,0,0,0.0,0.0,career,Career totals (downloaded Congresses),"113,114,115,116,117,118,119"
S001216,Kim Schrier,House,Democratic,WA,8,WA-8,Representative,True,2019-01-03,7.6,412835,False,False,False,True,True,True,True,95,0,0,0,0.0,0.0,career,Career totals (downloaded Congresses),"113,114,115,116,117,118,119"
S000510,Adam Smith,House,Democratic,WA,9,WA-9,Representative,True,1997-01-07,29.6,400379,True,True,True,True,True,True,True,115,3,0,3,0.02608695652173913,0.02608695652173913,career,Career totals (downloaded Congresses),"113,114,115,116,117,118,119"
S001213,Bryan Steil,House,Republican,WI,1,WI-1,Representative,True,2019-01-03,7.6,412836,False,False,False,True,True,True,True,70,1,2,3,0.04285714285714286,0.014285714285714285,career,Career totals (downloaded Congresses),"113,114,115,116,117,118,119"
P000607,Mark Pocan,House,Democratic,WI,2,WI-2,Representative,True,2013-01-03,13.6,412585,True,True,True,True,True,True,True,137,1,1,2,0.014598540145985401,0.0072992700729927005,career,Career totals (downloaded Congresses),"113,114,115,116,117,118,119"
V000135,Derrick Van Orden,House,Republican,WI,3,WI-3,Representative,True,2023-01-03,3.6,456950,False,False,False,False,False,True,True,57,2,0,2,0.03508771929824561,0.03508771929824561,career,Career totals (downloaded Congresses),"113,114,115,116,117,118,119"
M001160,Gwen Moore,House,Democratic,WI,4,WI-4,Representative,True,2005-01-04,21.6,400661,True,True,True,True,True,True,True,147,2,1,3,0.02040816326530612,0.013605442176870748,career,Career totals (downloaded Congresses),"113,114,115,116,117,118,119"
F000471,Scott Fitzgerald,House,Republican,WI,5,WI-5,Representative,True,2021-01-03,5.6,456855,False,False,False,False,True,True,True,69,1,0,1,0.014492753623188406,0.014492753623188406,career,Career totals (downloaded Congresses),"113,114,115,116,117,118,119"
G000576,Glenn Grothman,House,Republican,WI,6,WI-6,Representative,True,2015-01-06,11.6,412661,False,True,True,True,True,True,True,139,1,2,3,0.02158273381294964,0.007194244604316547,career,Career totals (downloaded Congresses),"113,114,115,116,117,118,119"
T000165,Thomas P. Tiffany,House,Republican,WI,7,WI-7,Representative,True,2020-05-19,6.2,456791,False,False,False,True,True,True,True,55,1,0,1,0.01818181818181818,0.01818181818181818,career,Career totals (downloaded Congresses),"113,114,115,116,117,118,119"
W000829,Tony Wied,House,Republican,WI,8,WI-8,Representative,True,2024-11-05,1.8,456963,False,False,False,False,False,True,True,18,0,0,0,0.0,0.0,career,Career totals (downloaded Congresses),"113,114,115,116,117,118,119"
M001205,Carol D. Miller,House,Republican,WV,1,WV-1,Representative,True,2019-01-03,7.6,412837,False,False,False,True,True,True,True,88,1,0,1,0.011363636363636364,0.011363636363636364,career,Career totals (downloaded Congresses),"113,114,115,116,117,118,119"
M001235,Riley M. Moore,House,Republican,WV,2,WV-2,Representative,True,2025-01-03,1.6,457031,False,False,False,False,False,False,True,12,0,0,0,0.0,0.0,career,Career totals (downloaded Congresses),"113,114,115,116,117,118,119"
H001096,Harriet M. Hageman,House,Republican,WY,At-Large,WY-AL,Representative,True,2023-01-03,3.6,456951,False,False,False,False,False,True,True,95,1,1,2,0.021052631578947368,0.010526315789473684,career,Career totals (downloaded Congresses),"113,114,115,116,117,118,119"
S001198,Dan Sullivan,Senate,Republican,AK,,AK,Senator,True,2015-01-06,11.6,412665,False,True,True,True,True,True,True,265,17,2,19,0.07169811320754717,0.06415094339622641,career,Career totals (downloaded Congresses),"113,114,115,116,117,118,119"
M001153,Lisa Murkowski,Senate,Republican,AK,,AK,Senator,True,2003-01-07,23.6,300075,True,True,True,True,True,True,True,353,15,4,19,0.053824362606232294,0.042492917847025496,career,Career totals (downloaded Congresses),"113,114,115,116,117,118,119"
B001319,Katie Boyd Britt,Senate,Republican,AL,,AL,Senator,True,2023-01-03,3.6,456874,False,False,False,False,False,True,True,40,2,0,2,0.05,0.05,career,Career totals (downloaded Congresses),"113,114,115,116,117,118,119"
T000278,Tommy Tuberville,Senate,Republican,AL,,AL,Senator,True,2021-01-03,5.6,456796,False,False,False,False,True,True,True,69,1,0,1,0.014492753623188406,0.014492753623188406,career,Career totals (downloaded Congresses),"113,114,115,116,117,118,119"
B001236,John Boozman,Senate,Republican,AR,,AR,Senator,True,2001-11-29,24.7,400040,True,True,True,True,True,True,True,117,13,5,18,0.15384615384615385,0.1111111111111111,career,Career totals (downloaded Congresses),"113,114,115,116,117,118,119"
C001095,Tom Cotton,Senate,Republican,AR,,AR,Senator,True,2013-01-03,13.6,412508,True,True,True,True,True,True,True,350,2,1,3,0.008571428571428572,0.005714285714285714,career,Career totals (downloaded Congresses),"113,114,115,116,117,118,119"
K000377,Mark Kelly,Senate,Democratic,AZ,,AZ,Senator,True,2020-12-02,5.7,456794,False,False,False,True,True,True,True,123,4,2,6,0.04878048780487805,0.032520325203252036,career,Career totals (downloaded Congresses),"113,114,115,116,117,118,119"
G000574,Ruben Gallego,Senate,Democratic,AZ,,AZ,Senator,True,2015-01-06,11.6,412612,False,True,True,True,True,True,True,169,5,1,6,0.03550295857988166,0.029585798816568046,career,Career totals (downloaded Congresses),"113,114,115,116,117,118,119"
S001150,Adam B. Schiff,Senate,Democratic,CA,,CA,Senator,True,2001-01-03,25.6,400361,True,True,True,True,True,True,True,237,0,0,0,0.0,0.0,career,Career totals (downloaded Congresses),"113,114,115,116,117,118,119"
P000145,Alex Padilla,Senate,Democratic,CA,,CA,Senator,True,2021-01-20,5.6,456856,False,False,False,False,True,True,True,247,6,0,6,0.024291497975708502,0.024291497975708502,career,Career totals (downloaded Congresses),"113,114,115,116,117,118,119"
H000273,John W. Hickenlooper,Senate,Democratic,CO,,CO,Senator,True,2021-01-03,5.6,456797,False,False,False,False,True,True,True,106,1,1,2,0.018867924528301886,0.009433962264150943,career,Career totals (downloaded Congresses),"113,114,115,116,117,118,119"
B001267,Michael F. Bennet,Senate,Democratic,CO,,CO,Senator,True,2009-01-22,17.6,412330,True,True,True,True,True,True,True,324,5,1,6,0.018518518518518517,0.015432098765432098,career,Career totals (downloaded Congresses),"113,114,115,116,117,118,119"
M001169,Christopher Murphy,Senate,Democratic,CT,,CT,Senator,True,2007-01-04,19.6,412194,True,True,True,True,True,True,True,250,3,2,5,0.02,0.012,career,Career totals (downloaded Congresses),"113,114,115,116,117,118,119"
B001277,Richard Blumenthal,Senate,Democratic,CT,,CT,Senator,True,2011-01-05,15.6,412490,True,True,True,True,True,True,True,545,6,1,7,0.012844036697247707,0.011009174311926606,career,Career totals (downloaded Congresses),"113,114,115,116,117,118,119"
C001088,Christopher A. Coons,Senate,Democratic,DE,,DE,Senator,True,2010-11-15,15.7,412390,True,True,True,True,True,True,True,302,4,4,8,0.026490066225165563,0.013245033112582781,career,Career totals (downloaded Congresses),"113,114,115,116,117,118,119"
B001303,Lisa Blunt Rochester,Senate,Democratic,DE,,DE,Senator,True,2017-01-03,9.6,412689,False,False,True,True,True,True,True,125,2,0,2,0.016,0.016,career,Career totals (downloaded Congresses),"113,114,115,116,117,118,119"
M001244,Ashley Moody,Senate,Republican,FL,,FL,Senator,True,2025-01-21,1.6,457033,False,False,False,False,False,False,True,43,1,0,1,0.023255813953488372,0.023255813953488372,career,Career totals (downloaded Congresses),"113,114,115,116,117,118,119"
S001217,Rick Scott,Senate,Republican,FL,,FL,Senator,True,2019-01-08,7.6,412838,False,False,False,True,True,True,True,364,4,2,6,0.016483516483516484,0.01098901098901099,career,Career totals (downloaded Congresses),"113,114,115,116,117,118,119"
O000174,Jon Ossoff,Senate,Democratic,GA,,GA,Senator,True,2021-01-20,5.6,456857,False,False,False,False,True,True,True,132,4,2,6,0.045454545454545456,0.030303030303030304,career,Career totals (downloaded Congresses),"113,114,115,116,117,118,119"
W000790,Raphael G. Warnock,Senate,Democratic,GA,,GA,Senator,True,2021-01-20,5.6,456858,False,False,False,False,True,True,True,95,4,1,5,0.05263157894736842,0.042105263157894736,career,Career totals (downloaded Congresses),"113,114,115,116,117,118,119"
S001194,Brian Schatz,Senate,Democratic,HI,,HI,Senator,True,2012-12-27,13.6,412507,True,True,True,True,True,True,True,338,6,1,7,0.020710059171597635,0.01775147928994083,career,Career totals (downloaded Congresses),"113,114,115,116,117,118,119"
H001042,Mazie K. Hirono,Senate,Democratic,HI,,HI,Senator,True,2007-01-04,19.6,412200,True,True,True,True,True,True,True,278,10,3,13,0.046762589928057555,0.03597122302158273,career,Career totals (downloaded Congresses),"113,114,115,116,117,118,119"
G000386,Chuck Grassley,Senate,Republican,IA,,IA,Senator,True,1975-01-14,51.6,300048,True,True,True,True,True,True,True,423,22,7,29,0.06855791962174941,0.05200945626477541,career,Career totals (downloaded Congresses),"113,114,115,116,117,118,119"
E000295,Joni Ernst,Senate,Republican,IA,,IA,Senator,True,2015-01-06,11.6,412667,False,True,True,True,True,True,True,321,3,2,5,0.01557632398753894,0.009345794392523364,career,Career totals (downloaded Congresses),"113,114,115,116,117,118,119"
R000584,James E. Risch,Senate,Republican,ID,,ID,Senator,True,2009-01-06,17.6,412322,True,True,True,True,True,True,True,195,4,2,6,0.03076923076923077,0.020512820512820513,career,Career totals (downloaded Congresses),"113,114,115,116,117,118,119"
C000880,Mike Crapo,Senate,Republican,ID,,ID,Senator,True,1993-01-05,33.6,300030,True,True,True,True,True,True,True,139,6,2,8,0.05755395683453238,0.04316546762589928,career,Career totals (downloaded Congresses),"113,114,115,116,117,118,119"
D000563,Richard J. Durbin,Senate,Democratic,IL,,IL,Senator,True,1983-01-03,43.6,300038,True,True,True,True,True,True,True,572,12,6,18,0.03146853146853147,0.02097902097902098,career,Career totals (downloaded Congresses),"113,114,115,116,117,118,119"
D000622,Tammy Duckworth,Senate,Democratic,IL,,IL,Senator,True,2013-01-03,13.6,412533,True,True,True,True,True,True,True,339,9,1,10,0.029498525073746312,0.02654867256637168,career,Career totals (downloaded Congresses),"113,114,115,116,117,118,119"
B001299,Jim Banks,Senate,Republican,IN,,IN,Senator,True,2017-01-03,9.6,412702,False,False,True,True,True,True,True,232,3,1,4,0.017241379310344827,0.01293103448275862,career,Career totals (downloaded Congresses),"113,114,115,116,117,118,119"
Y000064,Todd Young,Senate,Republican,IN,,IN,Senator,True,2011-01-05,15.6,412428,True,True,True,True,True,True,True,235,2,5,7,0.029787234042553193,0.00851063829787234,career,Career totals (downloaded Congresses),"113,114,115,116,117,118,119"
M000934,Jerry Moran,Senate,Republican,KS,,KS,Senator,True,1997-01-07,29.6,400284,True,True,True,True,True,True,True,292,21,5,26,0.08904109589041095,0.07191780821917808,career,Career totals (downloaded Congresses),"113,114,115,116,117,118,119"
M001198,Roger Marshall,Senate,Republican,KS,,KS,Senator,True,2017-01-03,9.6,412704,False,False,True,True,True,True,True,220,1,0,1,0.004545454545454545,0.004545454545454545,career,Career totals (downloaded Congresses),"113,114,115,116,117,118,119"
M000355,Mitch McConnell,Senate,Republican,KY,,KY,Senator,True,1985-01-03,41.6,300072,True,True,True,True,True,True,True,72,5,0,5,0.06944444444444445,0.06944444444444445,career,Career totals (downloaded Congresses),"113,114,115,116,117,118,119"
P000603,Rand Paul,Senate,Republican,KY,,KY,Senator,True,2011-01-05,15.6,412492,True,True,True,True,True,True,True,379,0,0,0,0.0,0.0,career,Career totals (downloaded Congresses),"113,114,115,116,117,118,119"
C001075,Bill Cassidy,Senate,Republican,LA,,LA,Senator,True,2009-01-06,17.6,412269,True,True,True,True,True,True,True,417,9,8,17,0.0407673860911271,0.02158273381294964,career,Career totals (downloaded Congresses),"113,114,115,116,117,118,119"
K000393,John Kennedy,Senate,Republican,LA,,LA,Senator,True,2017-01-03,9.6,412679,False,False,True,True,True,True,True,325,13,2,15,0.046153846153846156,0.04,career,Career totals (downloaded Congresses),"113,114,115,116,117,118,119"
M000133,Edward J. Markey,Senate,Democratic,MA,,MA,Senator,True,1975-01-14,51.6,400253,True,True,True,True,True,True,True,708,3,4,7,0.009887005649717515,0.00423728813559322,career,Career totals (downloaded Congresses),"113,114,115,116,117,118,119"
W000817,Elizabeth Warren,Senate,Democratic,MA,,MA,Senator,True,2013-01-03,13.6,412542,True,True,True,True,True,True,True,439,2,3,5,0.011389521640091117,0.004555808656036446,career,Career totals (downloaded Congresses),"113,114,115,116,117,118,119"
A000382,Angela D. Alsobrooks,Senate,Democratic,MD,,MD,Senator,True,2025-01-03,1.6,456965,False,False,False,False,False,False,True,34,0,0,0,0.0,0.0,career,Career totals (downloaded Congresses),"113,114,115,116,117,118,119"
V000128,Chris Van Hollen,Senate,Democratic,MD,,MD,Senator,True,2003-01-07,23.6,400415,True,True,True,True,True,True,True,272,3,1,4,0.014705882352941176,0.011029411764705883,career,Career totals (downloaded Congresses),"113,114,115,116,117,118,119"
K000383,"Angus S. King, Jr.",Senate,Independent,ME,,ME,Senator,True,2013-01-03,13.6,412545,True,True,True,True,True,True,True,198,3,1,4,0.020202020202020204,0.015151515151515152,career,Career totals (downloaded Congresses),"113,114,115,116,117,118,119"
C001035,Susan M. Collins,Senate,Republican,ME,,ME,Senator,True,1997-01-07,29.6,300025,True,True,True,True,True,True,True,252,12,1,13,0.051587301587301584,0.047619047619047616,career,Career totals (downloaded Congresses),"113,114,115,116,117,118,119"
S001208,Elissa Slotkin,Senate,Democratic,MI,,MI,Senator,True,2019-01-03,7.6,412784,False,False,False,True,True,True,True,176,1,1,2,0.011363636363636364,0.005681818181818182,career,Career totals (downloaded Congresses),"113,114,115,116,117,118,119"
P000595,Gary C. Peters,Senate,Democratic,MI,,MI,Senator,True,2009-01-06,17.6,412305,True,True,True,True,True,True,True,493,50,3,53,0.1075050709939148,0.10141987829614604,career,Career totals (downloaded Congresses),"113,114,115,116,117,118,119"
K000367,Amy Klobuchar,Senate,Democratic,MN,,MN,Senator,True,2007-01-04,19.6,412242,True,True,True,True,True,True,True,637,27,13,40,0.06279434850863422,0.0423861852433281,career,Career totals (downloaded Congresses),"113,114,115,116,117,118,119"
S001203,Tina Smith,Senate,Democratic,MN,,MN,Senator,True,2018-01-03,8.6,412742,False,False,True,True,True,True,True,258,1,0,1,0.003875968992248062,0.003875968992248062,career,Career totals (downloaded Congresses),"113,114,115,116,117,118,119"
S001227,Eric Schmitt,Senate,Republican,MO,,MO,Senator,True,2023-01-03,3.6,456875,False,False,False,False,False,True,True,73,1,2,3,0.0410958904109589,0.0136986301369863,career,Career totals (downloaded Congresses),"113,114,115,116,117,118,119"
H001089,Josh Hawley,Senate,Republican,MO,,MO,Senator,True,2019-01-03,7.6,412840,False,False,False,True,True,True,True,177,2,1,3,0.01694915254237288,0.011299435028248588,career,Career totals (downloaded Congresses),"113,114,115,116,117,118,119"
H001079,Cindy Hyde-Smith,Senate,Republican,MS,,MS,Senator,True,2018-04-09,8.4,412743,False,False,True,True,True,True,True,74,0,1,1,0.013513513513513514,0.0,career,Career totals (downloaded Congresses),"113,114,115,116,117,118,119"
W000437,Roger F. Wicker,Senate,Republican,MS,,MS,Senator,True,1995-01-04,31.6,400432,True,True,True,True,True,True,True,262,15,0,15,0.05725190839694656,0.05725190839694656,career,Career totals (downloaded Congresses),"113,114,115,116,117,118,119"
D000618,Steve Daines,Senate,Republican,MT,,MT,Senator,True,2013-01-03,13.6,412549,True,True,True,True,True,True,True,310,9,5,14,0.04516129032258064,0.02903225806451613,career,Career totals (downloaded Congresses),"113,114,115,116,117,118,119"
S001232,Tim Sheehy,Senate,Republican,MT,,MT,Senator,True,2025-01-03,1.6,456966,False,False,False,False,False,False,True,74,2,0,2,0.02702702702702703,0.02702702702702703,career,Career totals (downloaded Congresses),"113,114,115,116,117,118,119"
B001305,Ted Budd,Senate,Republican,NC,,NC,Senator,True,2017-01-03,9.6,412712,False,False,True,True,True,True,True,198,0,1,1,0.005050505050505051,0.0,career,Career totals (downloaded Congresses),"113,114,115,116,117,118,119"
T000476,Thom Tillis,Senate,Republican,NC,,NC,Senator,True,2015-01-06,11.6,412668,False,True,True,True,True,True,True,196,5,1,6,0.030612244897959183,0.025510204081632654,career,Career totals (downloaded Congresses),"113,114,115,116,117,118,119"
H001061,John Hoeven,Senate,Republican,ND,,ND,Senator,True,2011-01-05,15.6,412494,True,True,True,True,True,True,True,152,10,1,11,0.07236842105263158,0.06578947368421052,career,Career totals (downloaded Congresses),"113,114,115,116,117,118,119"
C001096,Kevin Cramer,Senate,Republican,ND,,ND,Senator,True,2013-01-03,13.6,412555,True,True,True,True,True,True,True,117,5,3,8,0.06837606837606838,0.042735042735042736,career,Career totals (downloaded Congresses),"113,114,115,116,117,118,119"
F000463,Deb Fischer,Senate,Republican,NE,,NE,Senator,True,2013-01-03,13.6,412556,True,True,True,True,True,True,True,193,11,2,13,0.06735751295336788,0.05699481865284974,career,Career totals (downloaded Congresses),"113,114,115,116,117,118,119"
R000618,Pete Ricketts,Senate,Republican,NE,,NE,Senator,True,2023-01-23,3.6,456952,False,False,False,False,False,True,True,77,1,1,2,0.025974025974025976,0.012987012987012988,career,Career totals (downloaded Congresses),"113,114,115,116,117,118,119"
S001181,Jeanne Shaheen,Senate,Democratic,NH,,NH,Senator,True,2009-01-06,17.6,412323,True,True,True,True,True,True,True,469,11,1,12,0.0255863539445629,0.023454157782515993,career,Career totals (downloaded Congresses),"113,114,115,116,117,118,119"
H001076,Margaret Wood Hassan,Senate,Democratic,NH,,NH,Senator,True,2017-01-03,9.6,412680,False,False,True,True,True,True,True,244,3,1,4,0.01639344262295082,0.012295081967213115,career,Career totals (downloaded Congresses),"113,114,115,116,117,118,119"
K000394,Andy Kim,Senate,Democratic,NJ,,NJ,Senator,True,2019-01-03,7.6,412797,False,False,False,True,True,True,True,124,1,0,1,0.008064516129032258,0.008064516129032258,career,Career totals (downloaded Congresses),"113,114,115,116,117,118,119"
B001288,Cory A. Booker,Senate,Democratic,NJ,,NJ,Senator,True,2013-10-31,12.8,412598,True,True,True,True,True,True,True,554,4,3,7,0.01263537906137184,0.007220216606498195,career,Career totals (downloaded Congresses),"113,114,115,116,117,118,119"
L000570,Ben Ray Luján,Senate,Democratic,NM,,NM,Senator,True,2009-01-06,17.6,412293,True,True,True,True,True,True,True,325,4,3,7,0.021538461538461538,0.012307692307692308,career,Career totals (downloaded Congresses),"113,114,115,116,117,118,119"
H001046,Martin Heinrich,Senate,Democratic,NM,,NM,Senator,True,2009-01-06,17.6,412281,True,True,True,True,True,True,True,276,3,0,3,0.010869565217391304,0.010869565217391304,career,Career totals (downloaded Congresses),"113,114,115,116,117,118,119"
C001113,Catherine Cortez Masto,Senate,Democratic,NV,,NV,Senator,True,2017-01-03,9.6,412681,False,False,True,True,True,True,True,418,9,4,13,0.03110047846889952,0.0215311004784689,career,Career totals (downloaded Congresses),"113,114,115,116,117,118,119"
R000608,Jacky Rosen,Senate,Democratic,NV,,NV,Senator,True,2017-01-03,9.6,412715,False,False,True,True,True,True,True,239,5,1,6,0.02510460251046025,0.02092050209205021,career,Career totals (downloaded Congresses),"113,114,115,116,117,118,119"
S000148,Charles E. Schumer,Senate,Democratic,NY,,NY,Senator,True,1981-01-05,45.6,300087,True,True,True,True,True,True,True,183,10,5,15,0.08196721311475409,0.0546448087431694,career,Career totals (downloaded Congresses),"113,114,115,116,117,118,119"
G000555,Kirsten E. Gillibrand,Senate,Democratic,NY,,NY,Senator,True,2007-01-04,19.6,412223,True,True,True,True,True,True,True,434,8,14,22,0.05069124423963134,0.018433179723502304,career,Career totals (downloaded Congresses),"113,114,115,116,117,118,119"
M001242,Bernie Moreno,Senate,Republican,OH,,OH,Senator,True,2025-01-03,1.6,456967,False,False,False,False,False,False,True,23,0,0,0,0.0,0.0,career,Career totals (downloaded Congresses),"113,114,115,116,117,118,119"
H001104,Jon Husted,Senate,Republican,OH,,OH,Senator,True,2025-01-21,1.6,457032,False,False,False,False,False,False,True,47,1,0,1,0.02127659574468085,0.02127659574468085,career,Career totals (downloaded Congresses),"113,114,115,116,117,118,119"
A000383,Alan Armstrong,Senate,Republican,OK,,OK,Senator,True,2026-03-24,0.4,457040,False,False,False,False,False,False,True,1,0,0,0,0.0,0.0,career,Career totals (downloaded Congresses),"113,114,115,116,117,118,119"
L000575,James Lankford,Senate,Republican,OK,,OK,Senator,True,2011-01-05,15.6,412464,True,True,True,True,True,True,True,248,5,2,7,0.028225806451612902,0.020161290322580645,career,Career totals (downloaded Congresses),"113,114,115,116,117,118,119"
M001176,Jeff Merkley,Senate,Democratic,OR,,OR,Senator,True,2009-01-06,17.6,412325,True,True,True,True,True,True,True,494,10,1,11,0.022267206477732792,0.020242914979757085,career,Career totals (downloaded Congresses),"113,114,115,116,117,118,119"
W000779,Ron Wyden,Senate,Democratic,OR,,OR,Senator,True,1981-01-05,45.6,300100,True,True,True,True,True,True,True,527,13,4,17,0.03225806451612903,0.024667931688804556,career,Career totals (downloaded Congresses),"113,114,115,116,117,118,119"
M001243,David McCormick,Senate,Republican,PA,,PA,Senator,True,2025-01-03,1.6,456968,False,False,False,False,False,False,True,43,0,0,0,0.0,0.0,career,Career totals (downloaded Congresses),"113,114,115,116,117,118,119"
F000479,John Fetterman,Senate,Democratic,PA,,PA,Senator,True,2023-01-03,3.6,456877,False,False,False,False,False,True,True,61,1,1,2,0.03278688524590164,0.01639344262295082,career,Career totals (downloaded Congresses),"113,114,115,116,117,118,119"
R000122,Jack Reed,Senate,Democratic,RI,,RI,Senator,True,1991-01-03,35.6,300081,True,True,True,True,True,True,True,270,10,0,10,0.037037037037037035,0.037037037037037035,career,Career totals (downloaded Congresses),"113,114,115,116,117,118,119"
W000802,Sheldon Whitehouse,Senate,Democratic,RI,,RI,Senator,True,2007-01-04,19.6,412247,True,True,True,True,True,True,True,318,8,3,11,0.03459119496855346,0.025157232704402517,career,Career totals (downloaded Congresses),"113,114,115,116,117,118,119"
G000608,Darline Graham,Senate,Republican,SC,,SC,Senator,True,2026-07-14,0.1,457044,False,False,False,False,False,False,True,1,0,0,0,0.0,0.0,career,Career totals (downloaded Congresses),"113,114,115,116,117,118,119"
S001184,Tim Scott,Senate,Republican,SC,,SC,Senator,True,2011-01-05,15.6,412471,True,True,True,True,True,True,True,216,7,1,8,0.037037037037037035,0.032407407407407406,career,Career totals (downloaded Congresses),"113,114,115,116,117,118,119"
T000250,John Thune,Senate,Republican,SD,,SD,Senator,True,1997-01-07,29.6,400546,True,True,True,True,True,True,True,316,14,5,19,0.060126582278481014,0.04430379746835443,career,Career totals (downloaded Congresses),"113,114,115,116,117,118,119"
R000605,Mike Rounds,Senate,Republican,SD,,SD,Senator,True,2015-01-06,11.6,412669,False,True,True,True,True,True,True,245,4,0,4,0.0163265306122449,0.0163265306122449,career,Career totals (downloaded Congresses),"113,114,115,116,117,118,119"
H000601,Bill Hagerty,Senate,Republican,TN,,TN,Senator,True,2021-01-03,5.6,456798,False,False,False,False,True,True,True,79,3,1,4,0.05063291139240506,0.0379746835443038,career,Career totals (downloaded Congresses),"113,114,115,116,117,118,119"
B001243,Marsha Blackburn,Senate,Republican,TN,,TN,Senator,True,2003-01-07,23.6,400032,True,True,True,True,True,True,True,386,5,3,8,0.02072538860103627,0.012953367875647668,career,Career totals (downloaded Congresses),"113,114,115,116,117,118,119"
C001056,John Cornyn,Senate,Republican,TX,,TX,Senator,True,2002-11-30,23.7,300027,True,True,True,True,True,True,True,575,54,15,69,0.12,0.09391304347826086,career,Career totals (downloaded Congresses),"113,114,115,116,117,118,119"
C001098,Ted Cruz,Senate,Republican,TX,,TX,Senator,True,2013-01-03,13.6,412573,True,True,True,True,True,True,True,542,10,2,12,0.02214022140221402,0.01845018450184502,career,Career totals (downloaded Congresses),"113,114,115,116,117,118,119"
C001114,John R. Curtis,Senate,Republican,UT,,UT,Senator,True,2017-11-13,8.8,412740,False,False,True,True,True,True,True,172,7,0,7,0.040697674418604654,0.040697674418604654,career,Career totals (downloaded Congresses),"113,114,115,116,117,118,119"
L000577,Mike Lee,Senate,Republican,UT,,UT,Senator,True,2011-01-05,15.6,412495,True,True,True,True,True,True,True,554,6,1,7,0.01263537906137184,0.010830324909747292,career,Career totals (downloaded Congresses),"113,114,115,116,117,118,119"
W000805,Mark R. Warner,Senate,Democratic,VA,,VA,Senator,True,2009-01-06,17.6,412321,True,True,True,True,True,True,True,297,7,5,12,0.04040404040404041,0.02356902356902357,career,Career totals (downloaded Congresses),"113,114,115,116,117,118,119"
K000384,Tim Kaine,Senate,Democratic,VA,,VA,Senator,True,2013-01-03,13.6,412582,True,True,True,True,True,True,True,264,3,4,7,0.026515151515151516,0.011363636363636364,career,Career totals (downloaded Congresses),"113,114,115,116,117,118,119"
S000033,Bernard Sanders,Senate,Independent,VT,,VT,Senator,True,1991-01-03,35.6,400357,True,True,True,True,True,True,True,284,4,0,4,0.014084507042253521,0.014084507042253521,career,Career totals (downloaded Congresses),"113,114,115,116,117,118,119"
W000800,Peter Welch,Senate,Democratic,VT,,VT,Senator,True,2007-01-04,19.6,412239,True,True,True,True,True,True,True,301,2,1,3,0.009966777408637873,0.006644518272425249,career,Career totals (downloaded Congresses),"113,114,115,116,117,118,119"
C000127,Maria Cantwell,Senate,Democratic,WA,,WA,Senator,True,1993-01-05,33.6,300018,True,True,True,True,True,True,True,205,5,2,7,0.03414634146341464,0.024390243902439025,career,Career totals (downloaded Congresses),"113,114,115,116,117,118,119"
M001111,Patty Murray,Senate,Democratic,WA,,WA,Senator,True,1993-01-05,33.6,300076,True,True,True,True,True,True,True,272,8,3,11,0.04044117647058824,0.029411764705882353,career,Career totals (downloaded Congresses),"113,114,115,116,117,118,119"
J000293,Ron Johnson,Senate,Republican,WI,,WI,Senator,True,2011-01-05,15.6,412496,True,True,True,True,True,True,True,156,14,2,16,0.10256410256410256,0.08974358974358974,career,Career totals (downloaded Congresses),"113,114,115,116,117,118,119"
B001230,Tammy Baldwin,Senate,Democratic,WI,,WI,Senator,True,1999-01-06,27.6,400013,True,True,True,True,True,True,True,346,5,4,9,0.02601156069364162,0.014450867052023121,career,Career totals (downloaded Congresses),"113,114,115,116,117,118,119"
J000312,James C. Justice,Senate,Republican,WV,,WV,Senator,True,2025-01-14,1.6,456969,False,False,False,False,False,False,True,14,0,0,0,0.0,0.0,career,Career totals (downloaded Congresses),"113,114,115,116,117,118,119"
C001047,Shelley Moore Capito,Senate,Republican,WV,,WV,Senator,True,2001-01-03,25.6,400061,True,True,True,True,True,True,True,149,5,2,7,0.04697986577181208,0.03355704697986577,career,Career totals (downloaded Congresses),"113,114,115,116,117,118,119"
L000571,Cynthia M. Lummis,Senate,Republican,WY,,WY,Senator,True,2009-01-06,17.6,412294,True,True,False,False,True,True,True,127,4,0,4,0.031496062992125984,0.031496062992125984,career,Career totals (downloaded Congresses),"113,114,115,116,117,118,119"
B001261,John Barrasso,Senate,Republican,WY,,WY,Senator,True,2007-06-25,19.1,412251,True,True,True,True,True,True,True,277,7,1,8,0.02888086642599278,0.02527075812274368,career,Career totals (downloaded Congresses),"113,114,115,116,117,118,119"
